fold,feature,is_commute_hte,is_income_hte,is_exact_te,is_income_digit,is_exact_frequency,gain_importance
0,Age,False,False,False,False,False,20971.252300143242
0,Annual_Income_USD,False,False,False,False,False,44477.68766105175
0,Daily_Commute_km,False,False,False,False,False,6581.111065149307
0,Number_of_Cars_Owned,False,False,False,False,False,2060.0653088092804
0,Charging_Stations_Near_Home,False,False,False,False,False,7140.545127749443
0,Charging_Stations_Near_Work,False,False,False,False,False,7263.0072655677795
0,Environmental_Concern_Level,False,False,False,False,False,15794.649709105492
0,Gender,False,False,False,False,False,954.4115555286407
0,City_Type,False,False,False,False,False,1395.6045186519623
0,Current_Car_Type,False,False,False,False,False,1525.147080898285
0,Home_Charging_Possible,False,False,False,False,False,2624.675046801567
0,Subsidy_Available,False,False,False,False,False,589.7991600036621
0,Range_Anxiety_Level,False,False,False,False,False,1659.3747642040253
0,FE__income_digit_ones,False,False,False,True,False,3783.4154291152954
0,FE__income_digit_tens,False,False,False,True,False,1173.1536309719086
0,FE__income_digit_hundreds,False,False,False,True,False,1029.2183458805084
0,FE__income_digit_thousands,False,False,False,True,False,5839.285925865173
0,FE__income_digit_ten_thousands,False,False,False,True,False,3587.4647629261017
0,FE__income_digit_hundred_thousands,False,False,False,True,False,28.02720069885254
0,FE__income_last2,False,False,False,True,False,8717.384623408318
0,FE__income_last3,False,False,False,True,False,12792.888962864876
0,FE__income_exact_frequency_count,False,False,False,False,True,15198.941082715988
0,FE__income_exact_frequency_log1p,False,False,False,False,True,1172.2964735031128
0,FE__income_exact_frequency_rate,False,False,False,False,True,126.23965167999268
0,FE__commute_exact_frequency_count,False,False,False,False,True,7990.903038144112
0,FE__commute_exact_frequency_log1p,False,False,False,False,True,636.3864212036133
0,FE__commute_exact_frequency_rate,False,False,False,False,True,19.943849563598633
0,TE__Annual_Income_USD_exact,False,False,True,False,False,139453.54058802128
0,TE__Daily_Commute_km_exact,False,False,True,False,False,20245.096935749054
0,HTE__income_1k_bucket,False,True,False,False,False,19986.88056087494
0,HTE__income_10k_bucket,False,True,False,False,False,12513.767909646034
0,HTE__income_100k_bucket,False,True,False,False,False,2199.238210439682
0,HTE__commute_1km_bucket,True,False,False,False,False,22832.951024770737
0,HTE__commute_5km_bucket,True,False,False,False,False,5131.610201120377
0,HTE__commute_10km_bucket,True,False,False,False,False,3204.3504905700684
1,Age,False,False,False,False,False,19007.07637643814
1,Annual_Income_USD,False,False,False,False,False,45757.8961853981
1,Daily_Commute_km,False,False,False,False,False,4600.234883069992
1,Number_of_Cars_Owned,False,False,False,False,False,1457.110692024231
1,Charging_Stations_Near_Home,False,False,False,False,False,5529.875898599625
1,Charging_Stations_Near_Work,False,False,False,False,False,5459.227897644043
1,Environmental_Concern_Level,False,False,False,False,False,16303.95121884346
1,Gender,False,False,False,False,False,755.489560842514
1,City_Type,False,False,False,False,False,946.0812745094299
1,Current_Car_Type,False,False,False,False,False,1358.2253110408783
1,Home_Charging_Possible,False,False,False,False,False,2928.003026008606
1,Subsidy_Available,False,False,False,False,False,464.27743101119995
1,Range_Anxiety_Level,False,False,False,False,False,1854.1506729125977
1,FE__income_digit_ones,False,False,False,True,False,2459.645185947418
1,FE__income_digit_tens,False,False,False,True,False,922.8001334667206
1,FE__income_digit_hundreds,False,False,False,True,False,806.9102890491486
1,FE__income_digit_thousands,False,False,False,True,False,4027.4590797424316
1,FE__income_digit_ten_thousands,False,False,False,True,False,3336.9106788635254
1,FE__income_digit_hundred_thousands,False,False,False,True,False,32.71049880981445
1,FE__income_last2,False,False,False,True,False,5392.844238042831
1,FE__income_last3,False,False,False,True,False,9917.605437755585
1,FE__income_exact_frequency_count,False,False,False,False,True,11740.971300840378
1,FE__income_exact_frequency_log1p,False,False,False,False,True,862.1008720397949
1,FE__income_exact_frequency_rate,False,False,False,False,True,158.71893119812012
1,FE__commute_exact_frequency_count,False,False,False,False,True,5258.681105852127
1,FE__commute_exact_frequency_log1p,False,False,False,False,True,538.5185384750366
1,FE__commute_exact_frequency_rate,False,False,False,False,True,9.352890014648438
1,TE__Annual_Income_USD_exact,False,False,True,False,False,134723.2767071724
1,TE__Daily_Commute_km_exact,False,False,True,False,False,17357.97708249092
1,HTE__income_1k_bucket,False,True,False,False,False,18129.475436210632
1,HTE__income_10k_bucket,False,True,False,False,False,9776.026473283768
1,HTE__income_100k_bucket,False,True,False,False,False,1501.0400927066803
1,HTE__commute_1km_bucket,True,False,False,False,False,20483.079238414764
1,HTE__commute_5km_bucket,True,False,False,False,False,3253.6398906707764
1,HTE__commute_10km_bucket,True,False,False,False,False,2171.0508255958557
2,Age,False,False,False,False,False,20016.714318037033
2,Annual_Income_USD,False,False,False,False,False,47475.51984357834
2,Daily_Commute_km,False,False,False,False,False,6029.694558382034
2,Number_of_Cars_Owned,False,False,False,False,False,1570.011949300766
2,Charging_Stations_Near_Home,False,False,False,False,False,6795.73216342926
2,Charging_Stations_Near_Work,False,False,False,False,False,6929.703209877014
2,Environmental_Concern_Level,False,False,False,False,False,15620.196754932404
2,Gender,False,False,False,False,False,843.3561809062958
2,City_Type,False,False,False,False,False,1561.3947279453278
2,Current_Car_Type,False,False,False,False,False,1361.224350452423
2,Home_Charging_Possible,False,False,False,False,False,2579.4807682037354
2,Subsidy_Available,False,False,False,False,False,591.7162108421326
2,Range_Anxiety_Level,False,False,False,False,False,1661.064752459526
2,FE__income_digit_ones,False,False,False,True,False,3564.882382631302
2,FE__income_digit_tens,False,False,False,True,False,1076.8454086780548
2,FE__income_digit_hundreds,False,False,False,True,False,988.3014497756958
2,FE__income_digit_thousands,False,False,False,True,False,4912.996364235878
2,FE__income_digit_ten_thousands,False,False,False,True,False,3179.2978188991547
2,FE__income_digit_hundred_thousands,False,False,False,True,False,0.0
2,FE__income_last2,False,False,False,True,False,7430.133005142212
2,FE__income_last3,False,False,False,True,False,12219.08079791069
2,FE__income_exact_frequency_count,False,False,False,False,True,13198.130823612213
2,FE__income_exact_frequency_log1p,False,False,False,False,True,1051.6528587341309
2,FE__income_exact_frequency_rate,False,False,False,False,True,108.77877950668335
2,FE__commute_exact_frequency_count,False,False,False,False,True,6587.827869415283
2,FE__commute_exact_frequency_log1p,False,False,False,False,True,616.7582230567932
2,FE__commute_exact_frequency_rate,False,False,False,False,True,37.31147003173828
2,TE__Annual_Income_USD_exact,False,False,True,False,False,139674.49749708176
2,TE__Daily_Commute_km_exact,False,False,True,False,False,18486.66801738739
2,HTE__income_1k_bucket,False,True,False,False,False,19009.9770925045
2,HTE__income_10k_bucket,False,True,False,False,False,10308.043106913567
2,HTE__income_100k_bucket,False,True,False,False,False,2025.9723982810974
2,HTE__commute_1km_bucket,True,False,False,False,False,22677.675717949867
2,HTE__commute_5km_bucket,True,False,False,False,False,4927.17951798439
2,HTE__commute_10km_bucket,True,False,False,False,False,2482.535710334778
3,Age,False,False,False,False,False,20574.447741150856
3,Annual_Income_USD,False,False,False,False,False,47792.25180053711
3,Daily_Commute_km,False,False,False,False,False,6766.504295229912
3,Number_of_Cars_Owned,False,False,False,False,False,1781.0864888429642
3,Charging_Stations_Near_Home,False,False,False,False,False,7597.204875707626
3,Charging_Stations_Near_Work,False,False,False,False,False,7688.17383313179
3,Environmental_Concern_Level,False,False,False,False,False,15789.30970799923
3,Gender,False,False,False,False,False,970.3782114982605
3,City_Type,False,False,False,False,False,1442.2539269924164
3,Current_Car_Type,False,False,False,False,False,1728.8026485443115
3,Home_Charging_Possible,False,False,False,False,False,2784.8012894392014
3,Subsidy_Available,False,False,False,False,False,689.7787847518921
3,Range_Anxiety_Level,False,False,False,False,False,1652.4464523792267
3,FE__income_digit_ones,False,False,False,True,False,3552.9423348903656
3,FE__income_digit_tens,False,False,False,True,False,1242.5690205097198
3,FE__income_digit_hundreds,False,False,False,True,False,1478.5413272380829
3,FE__income_digit_thousands,False,False,False,True,False,5314.922841310501
3,FE__income_digit_ten_thousands,False,False,False,True,False,3989.740291595459
3,FE__income_digit_hundred_thousands,False,False,False,True,False,0.0
3,FE__income_last2,False,False,False,True,False,8350.480597615242
3,FE__income_last3,False,False,False,True,False,12069.283429265022
3,FE__income_exact_frequency_count,False,False,False,False,True,15089.789293050766
3,FE__income_exact_frequency_log1p,False,False,False,False,True,1302.9534554481506
3,FE__income_exact_frequency_rate,False,False,False,False,True,177.57940816879272
3,FE__commute_exact_frequency_count,False,False,False,False,True,7983.468488693237
3,FE__commute_exact_frequency_log1p,False,False,False,False,True,672.0935788154602
3,FE__commute_exact_frequency_rate,False,False,False,False,True,26.75519037246704
3,TE__Annual_Income_USD_exact,False,False,True,False,False,142414.24847054482
3,TE__Daily_Commute_km_exact,False,False,True,False,False,19770.81903207302
3,HTE__income_1k_bucket,False,True,False,False,False,20347.379328608513
3,HTE__income_10k_bucket,False,True,False,False,False,10263.894950270653
3,HTE__income_100k_bucket,False,True,False,False,False,2301.4506669044495
3,HTE__commute_1km_bucket,True,False,False,False,False,22946.25231707096
3,HTE__commute_5km_bucket,True,False,False,False,False,5191.648649811745
3,HTE__commute_10km_bucket,True,False,False,False,False,3042.4298672676086
4,Age,False,False,False,False,False,17589.07464337349
4,Annual_Income_USD,False,False,False,False,False,43405.76482129097
4,Daily_Commute_km,False,False,False,False,False,3773.543132543564
4,Number_of_Cars_Owned,False,False,False,False,False,1391.2311491966248
4,Charging_Stations_Near_Home,False,False,False,False,False,6050.795493364334
4,Charging_Stations_Near_Work,False,False,False,False,False,4896.239612340927
4,Environmental_Concern_Level,False,False,False,False,False,15648.525210618973
4,Gender,False,False,False,False,False,556.5161499977112
4,City_Type,False,False,False,False,False,1149.838150024414
4,Current_Car_Type,False,False,False,False,False,1170.3214690685272
4,Home_Charging_Possible,False,False,False,False,False,3181.5684871673584
4,Subsidy_Available,False,False,False,False,False,467.2365951538086
4,Range_Anxiety_Level,False,False,False,False,False,1409.0078325271606
4,FE__income_digit_ones,False,False,False,True,False,2084.4401733875275
4,FE__income_digit_tens,False,False,False,True,False,696.2337892055511
4,FE__income_digit_hundreds,False,False,False,True,False,787.4731733798981
4,FE__income_digit_thousands,False,False,False,True,False,3667.1721827983856
4,FE__income_digit_ten_thousands,False,False,False,True,False,3073.3160009384155
4,FE__income_digit_hundred_thousands,False,False,False,True,False,178.78939723968506
4,FE__income_last2,False,False,False,True,False,4724.664386510849
4,FE__income_last3,False,False,False,True,False,9066.543763637543
4,FE__income_exact_frequency_count,False,False,False,False,True,10952.160204410553
4,FE__income_exact_frequency_log1p,False,False,False,False,True,815.7535185813904
4,FE__income_exact_frequency_rate,False,False,False,False,True,103.71827983856201
4,FE__commute_exact_frequency_count,False,False,False,False,True,4705.933909893036
4,FE__commute_exact_frequency_log1p,False,False,False,False,True,594.4485592842102
4,FE__commute_exact_frequency_rate,False,False,False,False,True,0.0
4,TE__Annual_Income_USD_exact,False,False,True,False,False,134671.9144821167
4,TE__Daily_Commute_km_exact,False,False,True,False,False,14473.30837225914
4,HTE__income_1k_bucket,False,True,False,False,False,16441.447358369827
4,HTE__income_10k_bucket,False,True,False,False,False,9915.203584194183
4,HTE__income_100k_bucket,False,True,False,False,False,1528.1888580322266
4,HTE__commute_1km_bucket,True,False,False,False,False,21321.75550889969
4,HTE__commute_5km_bucket,True,False,False,False,False,2768.3871064186096
4,HTE__commute_10km_bucket,True,False,False,False,False,1608.163233757019
