fold,feature,is_triple_te,gain_importance
0,Age,False,0.0160636305809021
0,Annual_Income_USD,False,0.06081467866897583
0,Daily_Commute_km,False,0.008753465488553047
0,Number_of_Cars_Owned,False,0.008976275101304054
0,Charging_Stations_Near_Home,False,0.011082537472248077
0,Charging_Stations_Near_Work,False,0.009638035669922829
0,Environmental_Concern_Level,False,0.048986610025167465
0,Gender,False,0.008463121019303799
0,City_Type,False,0.011811106465756893
0,Current_Car_Type,False,0.010019814595580101
0,Home_Charging_Possible,False,0.022495295852422714
0,Subsidy_Available,False,0.008923066779971123
0,Range_Anxiety_Level,False,0.018733512610197067
0,FE__income_digit_ones,False,0.008709484711289406
0,FE__income_digit_tens,False,0.008934768848121166
0,FE__income_digit_hundreds,False,0.008859816938638687
0,FE__income_digit_thousands,False,0.009959827177226543
0,FE__income_digit_ten_thousands,False,0.022352349013090134
0,FE__income_digit_hundred_thousands,False,0.2245272994041443
0,FE__income_last2,False,0.009078004397451878
0,FE__income_last3,False,0.00920729711651802
0,FE__income_exact_frequency_count,False,0.011603260412812233
0,FE__income_exact_frequency_log1p,False,0.012237695045769215
0,FE__income_exact_frequency_rate,False,0.01250548753887415
0,FE__commute_exact_frequency_count,False,0.008616453967988491
0,FE__commute_exact_frequency_log1p,False,0.008246971294283867
0,FE__commute_exact_frequency_rate,False,0.006587638519704342
0,TE__Annual_Income_USD_exact,False,0.0900324210524559
0,TE__Daily_Commute_km_exact,False,0.02149604819715023
0,HTE__income_1k_bucket,False,0.010230050422251225
0,HTE__income_10k_bucket,False,0.02586582861840725
0,HTE__income_100k_bucket,False,0.00978480838239193
0,HTE__commute_1km_bucket,False,0.028159718960523605
0,HTE__commute_5km_bucket,False,0.009487289935350418
0,HTE__commute_10km_bucket,False,0.008833282627165318
0,HTE__income_50_bucket,False,0.04827504605054855
0,HTE__income_250_bucket,False,0.014763305895030499
0,TTE__Gender__m1p0,True,0.008138156495988369
0,TTE__Gender__m5p0,True,0.009600561112165451
0,TTE__Gender__m20p0,True,0.00854863878339529
0,TTE__City_Type__m1p0,True,0.00928227137774229
0,TTE__City_Type__m5p0,True,0.010372982360422611
0,TTE__City_Type__m20p0,True,0.010083748027682304
0,TTE__Current_Car_Type__m1p0,True,0.008630362339317799
0,TTE__Current_Car_Type__m5p0,True,0.00979635026305914
0,TTE__Current_Car_Type__m20p0,True,0.011993828229606152
0,TTE__Range_Anxiety_Level__m1p0,True,0.012579849921166897
0,TTE__Range_Anxiety_Level__m5p0,True,0.016783753409981728
0,TTE__Range_Anxiety_Level__m20p0,True,0.01107419840991497
1,Age,False,0.014858104288578033
1,Annual_Income_USD,False,0.056366704404354095
1,Daily_Commute_km,False,0.008456777781248093
1,Number_of_Cars_Owned,False,0.008641041815280914
1,Charging_Stations_Near_Home,False,0.009787127375602722
1,Charging_Stations_Near_Work,False,0.008594334125518799
1,Environmental_Concern_Level,False,0.04580819979310036
1,Gender,False,0.0064689950086176395
1,City_Type,False,0.0101329255849123
1,Current_Car_Type,False,0.00887394417077303
1,Home_Charging_Possible,False,0.02183692157268524
1,Subsidy_Available,False,0.012575740925967693
1,Range_Anxiety_Level,False,0.021414730697870255
1,FE__income_digit_ones,False,0.00820259377360344
1,FE__income_digit_tens,False,0.00721133965998888
1,FE__income_digit_hundreds,False,0.00880358275026083
1,FE__income_digit_thousands,False,0.009282109327614307
1,FE__income_digit_ten_thousands,False,0.021066706627607346
1,FE__income_digit_hundred_thousands,False,0.3172507584095001
1,FE__income_last2,False,0.008385363034904003
1,FE__income_last3,False,0.008248582482337952
1,FE__income_exact_frequency_count,False,0.01027185469865799
1,FE__income_exact_frequency_log1p,False,0.01010294072329998
1,FE__income_exact_frequency_rate,False,0.008841481991112232
1,FE__commute_exact_frequency_count,False,0.008201565593481064
1,FE__commute_exact_frequency_log1p,False,0.007803633343428373
1,FE__commute_exact_frequency_rate,False,0.006644801236689091
1,TE__Annual_Income_USD_exact,False,0.0867113471031189
1,TE__Daily_Commute_km_exact,False,0.0214894600212574
1,HTE__income_1k_bucket,False,0.00906270183622837
1,HTE__income_10k_bucket,False,0.017742212861776352
1,HTE__income_100k_bucket,False,0.008993085473775864
1,HTE__commute_1km_bucket,False,0.02425403706729412
1,HTE__commute_5km_bucket,False,0.00856705941259861
1,HTE__commute_10km_bucket,False,0.008585217408835888
1,HTE__income_50_bucket,False,0.03911291062831879
1,HTE__income_250_bucket,False,0.012819658033549786
1,TTE__Gender__m1p0,True,0.00807071290910244
1,TTE__Gender__m5p0,True,0.008261218667030334
1,TTE__Gender__m20p0,True,0.005305113736540079
1,TTE__City_Type__m1p0,True,0.008032645098865032
1,TTE__City_Type__m5p0,True,0.009446990676224232
1,TTE__City_Type__m20p0,True,0.0
1,TTE__Current_Car_Type__m1p0,True,0.008298015221953392
1,TTE__Current_Car_Type__m5p0,True,0.0074964906089007854
1,TTE__Current_Car_Type__m20p0,True,0.007203199900686741
1,TTE__Range_Anxiety_Level__m1p0,True,0.009620367549359798
1,TTE__Range_Anxiety_Level__m5p0,True,0.009337731637060642
1,TTE__Range_Anxiety_Level__m20p0,True,0.007456962484866381
2,Age,False,0.014215610921382904
2,Annual_Income_USD,False,0.057511456310749054
2,Daily_Commute_km,False,0.009049918502569199
2,Number_of_Cars_Owned,False,0.008330359123647213
2,Charging_Stations_Near_Home,False,0.01072949543595314
2,Charging_Stations_Near_Work,False,0.009007064625620842
2,Environmental_Concern_Level,False,0.04364663362503052
2,Gender,False,0.008048675023019314
2,City_Type,False,0.009819387458264828
2,Current_Car_Type,False,0.008771025575697422
2,Home_Charging_Possible,False,0.019968919456005096
2,Subsidy_Available,False,0.007855002768337727
2,Range_Anxiety_Level,False,0.01801300048828125
2,FE__income_digit_ones,False,0.008332543075084686
2,FE__income_digit_tens,False,0.00784494448453188
2,FE__income_digit_hundreds,False,0.009876805357635021
2,FE__income_digit_thousands,False,0.009933322668075562
2,FE__income_digit_ten_thousands,False,0.01843942143023014
2,FE__income_digit_hundred_thousands,False,0.31615641713142395
2,FE__income_last2,False,0.008146719075739384
2,FE__income_last3,False,0.008720288053154945
2,FE__income_exact_frequency_count,False,0.009907941333949566
2,FE__income_exact_frequency_log1p,False,0.0114376125857234
2,FE__income_exact_frequency_rate,False,0.010149183683097363
2,FE__commute_exact_frequency_count,False,0.008136564865708351
2,FE__commute_exact_frequency_log1p,False,0.008588086813688278
2,FE__commute_exact_frequency_rate,False,0.009037942625582218
2,TE__Annual_Income_USD_exact,False,0.08573634177446365
2,TE__Daily_Commute_km_exact,False,0.01829821616411209
2,HTE__income_1k_bucket,False,0.00981909316033125
2,HTE__income_10k_bucket,False,0.01735072024166584
2,HTE__income_100k_bucket,False,0.008726686239242554
2,HTE__commute_1km_bucket,False,0.02718237042427063
2,HTE__commute_5km_bucket,False,0.007712470833212137
2,HTE__commute_10km_bucket,False,0.008364577777683735
2,HTE__income_50_bucket,False,0.04145020991563797
2,HTE__income_250_bucket,False,0.013439410366117954
2,TTE__Gender__m1p0,True,0.0075384811498224735
2,TTE__Gender__m5p0,True,0.007026994600892067
2,TTE__Gender__m20p0,True,0.004546162206679583
2,TTE__City_Type__m1p0,True,0.008713426999747753
2,TTE__City_Type__m5p0,True,0.00931747816503048
2,TTE__City_Type__m20p0,True,0.0
2,TTE__Current_Car_Type__m1p0,True,0.008101684041321278
2,TTE__Current_Car_Type__m5p0,True,0.008143248967826366
2,TTE__Current_Car_Type__m20p0,True,0.006469941232353449
2,TTE__Range_Anxiety_Level__m1p0,True,0.010730484500527382
2,TTE__Range_Anxiety_Level__m5p0,True,0.009730438701808453
2,TTE__Range_Anxiety_Level__m20p0,True,0.011927198618650436
3,Age,False,0.017667453736066818
3,Annual_Income_USD,False,0.06777369976043701
3,Daily_Commute_km,False,0.011109720915555954
3,Number_of_Cars_Owned,False,0.009637835435569286
3,Charging_Stations_Near_Home,False,0.012568805366754532
3,Charging_Stations_Near_Work,False,0.011101514101028442
3,Environmental_Concern_Level,False,0.051748327910900116
3,Gender,False,0.0075816321186721325
3,City_Type,False,0.010538117960095406
3,Current_Car_Type,False,0.010393542237579823
3,Home_Charging_Possible,False,0.026376254856586456
3,Subsidy_Available,False,0.012219341471791267
3,Range_Anxiety_Level,False,0.019522445276379585
3,FE__income_digit_ones,False,0.009253510273993015
3,FE__income_digit_tens,False,0.008844351395964622
3,FE__income_digit_hundreds,False,0.010372296907007694
3,FE__income_digit_thousands,False,0.010845652781426907
3,FE__income_digit_ten_thousands,False,0.03037516213953495
3,FE__income_digit_hundred_thousands,False,0.15349644422531128
3,FE__income_last2,False,0.009108358062803745
3,FE__income_last3,False,0.009737174957990646
3,FE__income_exact_frequency_count,False,0.011847428977489471
3,FE__income_exact_frequency_log1p,False,0.012743872590363026
3,FE__income_exact_frequency_rate,False,0.007084159180521965
3,FE__commute_exact_frequency_count,False,0.009126038290560246
3,FE__commute_exact_frequency_log1p,False,0.008550665341317654
3,FE__commute_exact_frequency_rate,False,0.00997344870120287
3,TE__Annual_Income_USD_exact,False,0.11688534170389175
3,TE__Daily_Commute_km_exact,False,0.026945238932967186
3,HTE__income_1k_bucket,False,0.011002277955412865
3,HTE__income_10k_bucket,False,0.029299193993210793
3,HTE__income_100k_bucket,False,0.009787889197468758
3,HTE__commute_1km_bucket,False,0.03398197516798973
3,HTE__commute_5km_bucket,False,0.008985724300146103
3,HTE__commute_10km_bucket,False,0.009557435289025307
3,HTE__income_50_bucket,False,0.050333548337221146
3,HTE__income_250_bucket,False,0.016740649938583374
3,TTE__Gender__m1p0,True,0.008568876422941685
3,TTE__Gender__m5p0,True,0.009956611320376396
3,TTE__Gender__m20p0,True,0.007633598055690527
3,TTE__City_Type__m1p0,True,0.009499285370111465
3,TTE__City_Type__m5p0,True,0.009063449688255787
3,TTE__City_Type__m20p0,True,0.005836582742631435
3,TTE__Current_Car_Type__m1p0,True,0.010041875764727592
3,TTE__Current_Car_Type__m5p0,True,0.009810956194996834
3,TTE__Current_Car_Type__m20p0,True,0.008890504948794842
3,TTE__Range_Anxiety_Level__m1p0,True,0.012614781036973
3,TTE__Range_Anxiety_Level__m5p0,True,0.018142476677894592
3,TTE__Range_Anxiety_Level__m20p0,True,0.006824479438364506
4,Age,False,0.016967732459306717
4,Annual_Income_USD,False,0.0642123818397522
4,Daily_Commute_km,False,0.009921198710799217
4,Number_of_Cars_Owned,False,0.010233242996037006
4,Charging_Stations_Near_Home,False,0.012210906483232975
4,Charging_Stations_Near_Work,False,0.010344578884541988
4,Environmental_Concern_Level,False,0.054297372698783875
4,Gender,False,0.008324828930199146
4,City_Type,False,0.011022254824638367
4,Current_Car_Type,False,0.01064155250787735
4,Home_Charging_Possible,False,0.027731027454137802
4,Subsidy_Available,False,0.011056316085159779
4,Range_Anxiety_Level,False,0.020406432449817657
4,FE__income_digit_ones,False,0.009586013853549957
4,FE__income_digit_tens,False,0.009322389028966427
4,FE__income_digit_hundreds,False,0.01029257383197546
4,FE__income_digit_thousands,False,0.011130754835903645
4,FE__income_digit_ten_thousands,False,0.021777719259262085
4,FE__income_digit_hundred_thousands,False,0.2156113088130951
4,FE__income_last2,False,0.009563499130308628
4,FE__income_last3,False,0.009474499151110649
4,FE__income_exact_frequency_count,False,0.011651457287371159
4,FE__income_exact_frequency_log1p,False,0.011165080592036247
4,FE__income_exact_frequency_rate,False,0.01350924838334322
4,FE__commute_exact_frequency_count,False,0.009388400241732597
4,FE__commute_exact_frequency_log1p,False,0.010177457705140114
4,FE__commute_exact_frequency_rate,False,0.007459830958396196
4,TE__Annual_Income_USD_exact,False,0.09374462068080902
4,TE__Daily_Commute_km_exact,False,0.021056432276964188
4,HTE__income_1k_bucket,False,0.010579578578472137
4,HTE__income_10k_bucket,False,0.025660322979092598
4,HTE__income_100k_bucket,False,0.009883705526590347
4,HTE__commute_1km_bucket,False,0.029199443757534027
4,HTE__commute_5km_bucket,False,0.009162901900708675
4,HTE__commute_10km_bucket,False,0.009894207119941711
4,HTE__income_50_bucket,False,0.04497958719730377
4,HTE__income_250_bucket,False,0.01592221111059189
4,TTE__Gender__m1p0,True,0.008044173941016197
4,TTE__Gender__m5p0,True,0.009862738661468029
4,TTE__Gender__m20p0,True,0.0
4,TTE__City_Type__m1p0,True,0.009604050777852535
4,TTE__City_Type__m5p0,True,0.01091011893004179
4,TTE__City_Type__m20p0,True,0.0070780199021101
4,TTE__Current_Car_Type__m1p0,True,0.009998719207942486
4,TTE__Current_Car_Type__m5p0,True,0.00915828812867403
4,TTE__Current_Car_Type__m20p0,True,0.006498824339359999
4,TTE__Range_Anxiety_Level__m1p0,True,0.013573569245636463
4,TTE__Range_Anxiety_Level__m5p0,True,0.008518093265593052
4,TTE__Range_Anxiety_Level__m20p0,True,0.009190315380692482
