our,theirs,rho,alpha,auc
lgbm_ref,blend_fine_income_xgb_validated_submission::oof_prediction,0.9969840079611274,0.5,0.9463407594895425
lgbm_ref,blend_fine_income_xgb_validated_submission::oof_prediction,0.9969840079611274,0.6,0.9463506581228365
lgbm_ref,blend_fine_income_xgb_validated_submission::oof_prediction,0.9969840079611274,0.7,0.9463489398801374
xgb_ref,blend_fine_income_xgb_validated_submission::oof_prediction,0.9968745796801715,0.5,0.9463422184484823
xgb_ref,blend_fine_income_xgb_validated_submission::oof_prediction,0.9968745796801715,0.6,0.9463527789726007
xgb_ref,blend_fine_income_xgb_validated_submission::oof_prediction,0.9968745796801715,0.7,0.9463516685622227
cat_ref,blend_fine_income_xgb_validated_submission::oof_prediction,0.9904717023200268,0.5,0.9462876880815071
cat_ref,blend_fine_income_xgb_validated_submission::oof_prediction,0.9904717023200268,0.6,0.9462837452320945
cat_ref,blend_fine_income_xgb_validated_submission::oof_prediction,0.9904717023200268,0.7,0.946266709200617
lr,blend_fine_income_xgb_validated_submission::oof_prediction,0.9923558746706134,0.5,0.9460116886924356
lr,blend_fine_income_xgb_validated_submission::oof_prediction,0.9923558746706134,0.6,0.9458985595285627
lr,blend_fine_income_xgb_validated_submission::oof_prediction,0.9923558746706134,0.7,0.9457504084454219
OURS_BLEND,blend_fine_income_xgb_validated_submission::oof_prediction,0.9974790807992469,0.5,0.9463444112547071
OURS_BLEND,blend_fine_income_xgb_validated_submission::oof_prediction,0.9974790807992469,0.6,0.9463589920774401
OURS_BLEND,blend_fine_income_xgb_validated_submission::oof_prediction,0.9974790807992469,0.7,0.9463626618491754
lgbm_ref,blend_income_commute_catboost_commute_xgb_lgbm_rank_audit::control_meta_oof_prediction,0.9957733209199274,0.5,0.9463126932657882
lgbm_ref,blend_income_commute_catboost_commute_xgb_lgbm_rank_audit::control_meta_oof_prediction,0.9957733209199274,0.6,0.9463356341103708
lgbm_ref,blend_income_commute_catboost_commute_xgb_lgbm_rank_audit::control_meta_oof_prediction,0.9957733209199274,0.7,0.9463428331389718
xgb_ref,blend_income_commute_catboost_commute_xgb_lgbm_rank_audit::control_meta_oof_prediction,0.9958116733858009,0.5,0.9463128865280406
xgb_ref,blend_income_commute_catboost_commute_xgb_lgbm_rank_audit::control_meta_oof_prediction,0.9958116733858009,0.6,0.946336217031404
xgb_ref,blend_income_commute_catboost_commute_xgb_lgbm_rank_audit::control_meta_oof_prediction,0.9958116733858009,0.7,0.9463445083784733
cat_ref,blend_income_commute_catboost_commute_xgb_lgbm_rank_audit::control_meta_oof_prediction,0.9894356926460419,0.5,0.9462456260507424
cat_ref,blend_income_commute_catboost_commute_xgb_lgbm_rank_audit::control_meta_oof_prediction,0.9894356926460419,0.6,0.9462555571594804
cat_ref,blend_income_commute_catboost_commute_xgb_lgbm_rank_audit::control_meta_oof_prediction,0.9894356926460419,0.7,0.9462498685648721
lr,blend_income_commute_catboost_commute_xgb_lgbm_rank_audit::control_meta_oof_prediction,0.9930683732428562,0.5,0.9459272871543807
lr,blend_income_commute_catboost_commute_xgb_lgbm_rank_audit::control_meta_oof_prediction,0.9930683732428562,0.6,0.9458268205897666
lr,blend_income_commute_catboost_commute_xgb_lgbm_rank_audit::control_meta_oof_prediction,0.9930683732428562,0.7,0.9456920188847228
OURS_BLEND,blend_income_commute_catboost_commute_xgb_lgbm_rank_audit::control_meta_oof_prediction,0.9964331244479767,0.5,0.9463128294050843
OURS_BLEND,blend_income_commute_catboost_commute_xgb_lgbm_rank_audit::control_meta_oof_prediction,0.9964331244479767,0.6,0.9463405398031711
OURS_BLEND,blend_income_commute_catboost_commute_xgb_lgbm_rank_audit::control_meta_oof_prediction,0.9964331244479767,0.7,0.9463540889836064
lgbm_ref,blend_income_commute_catboost_commute_xgb_lgbm_rank_audit::candidate_meta_oof_prediction,0.9957618235719954,0.5,0.9463162314832698
lgbm_ref,blend_income_commute_catboost_commute_xgb_lgbm_rank_audit::candidate_meta_oof_prediction,0.9957618235719954,0.6,0.9463379843208684
lgbm_ref,blend_income_commute_catboost_commute_xgb_lgbm_rank_audit::candidate_meta_oof_prediction,0.9957618235719954,0.7,0.94634433214527
xgb_ref,blend_income_commute_catboost_commute_xgb_lgbm_rank_audit::candidate_meta_oof_prediction,0.9958316264289347,0.5,0.9463162928266373
xgb_ref,blend_income_commute_catboost_commute_xgb_lgbm_rank_audit::candidate_meta_oof_prediction,0.9958316264289347,0.6,0.9463386090425928
xgb_ref,blend_income_commute_catboost_commute_xgb_lgbm_rank_audit::candidate_meta_oof_prediction,0.9958316264289347,0.7,0.9463460342976513
cat_ref,blend_income_commute_catboost_commute_xgb_lgbm_rank_audit::candidate_meta_oof_prediction,0.9894374265799324,0.5,0.9462477741702595
cat_ref,blend_income_commute_catboost_commute_xgb_lgbm_rank_audit::candidate_meta_oof_prediction,0.9894374265799324,0.6,0.946256873702814
cat_ref,blend_income_commute_catboost_commute_xgb_lgbm_rank_audit::candidate_meta_oof_prediction,0.9894374265799324,0.7,0.9462503502348254
lr,blend_income_commute_catboost_commute_xgb_lgbm_rank_audit::candidate_meta_oof_prediction,0.9932108658299367,0.5,0.9459265110331598
lr,blend_income_commute_catboost_commute_xgb_lgbm_rank_audit::candidate_meta_oof_prediction,0.9932108658299367,0.6,0.9458249956575531
lr,blend_income_commute_catboost_commute_xgb_lgbm_rank_audit::candidate_meta_oof_prediction,0.9932108658299367,0.7,0.9456896893263114
OURS_BLEND,blend_income_commute_catboost_commute_xgb_lgbm_rank_audit::candidate_meta_oof_prediction,0.9964433378564131,0.5,0.9463160090660439
OURS_BLEND,blend_income_commute_catboost_commute_xgb_lgbm_rank_audit::candidate_meta_oof_prediction,0.9964433378564131,0.6,0.9463427275433507
OURS_BLEND,blend_income_commute_catboost_commute_xgb_lgbm_rank_audit::candidate_meta_oof_prediction,0.9964433378564131,0.7,0.9463553446257843
lgbm_ref,catboost_fine_income_multiseed_gpu::oof_prediction,0.9945018545554594,0.5,0.946231014738641
lgbm_ref,catboost_fine_income_multiseed_gpu::oof_prediction,0.9945018545554594,0.6,0.9462700302065636
lgbm_ref,catboost_fine_income_multiseed_gpu::oof_prediction,0.9945018545554594,0.7,0.946293531070242
xgb_ref,catboost_fine_income_multiseed_gpu::oof_prediction,0.995099335812926,0.5,0.9462333820169784
xgb_ref,catboost_fine_income_multiseed_gpu::oof_prediction,0.995099335812926,0.6,0.946272774397109
xgb_ref,catboost_fine_income_multiseed_gpu::oof_prediction,0.995099335812926,0.7,0.9462969023409769
cat_ref,catboost_fine_income_multiseed_gpu::oof_prediction,0.9888569190102696,0.5,0.9461480774505562
cat_ref,catboost_fine_income_multiseed_gpu::oof_prediction,0.9888569190102696,0.6,0.946175429020587
cat_ref,catboost_fine_income_multiseed_gpu::oof_prediction,0.9888569190102696,0.7,0.946187953432409
lr,catboost_fine_income_multiseed_gpu::oof_prediction,0.9930535225503639,0.5,0.9457973075562713
lr,catboost_fine_income_multiseed_gpu::oof_prediction,0.9930535225503639,0.6,0.9457129225740211
lr,catboost_fine_income_multiseed_gpu::oof_prediction,0.9930535225503639,0.7,0.945598258809646
OURS_BLEND,catboost_fine_income_multiseed_gpu::oof_prediction,0.995559377777173,0.5,0.9462282193290603
OURS_BLEND,catboost_fine_income_multiseed_gpu::oof_prediction,0.995559377777173,0.6,0.9462721544466215
OURS_BLEND,catboost_fine_income_multiseed_gpu::oof_prediction,0.995559377777173,0.7,0.9463023103558164
lgbm_ref,catboost_hierarchical_income_commute_buckets_gpu::oof_prediction,0.992802801328214,0.5,0.9461954665558097
lgbm_ref,catboost_hierarchical_income_commute_buckets_gpu::oof_prediction,0.992802801328214,0.6,0.9462542222061545
lgbm_ref,catboost_hierarchical_income_commute_buckets_gpu::oof_prediction,0.992802801328214,0.7,0.946290863491023
xgb_ref,catboost_hierarchical_income_commute_buckets_gpu::oof_prediction,0.9935011181378544,0.5,0.946194285965578
xgb_ref,catboost_hierarchical_income_commute_buckets_gpu::oof_prediction,0.9935011181378544,0.6,0.9462537088598424
xgb_ref,catboost_hierarchical_income_commute_buckets_gpu::oof_prediction,0.9935011181378544,0.7,0.9462916094875068
cat_ref,catboost_hierarchical_income_commute_buckets_gpu::oof_prediction,0.9870762158210843,0.5,0.9460966392485876
cat_ref,catboost_hierarchical_income_commute_buckets_gpu::oof_prediction,0.9870762158210843,0.6,0.9461459054205472
cat_ref,catboost_hierarchical_income_commute_buckets_gpu::oof_prediction,0.9870762158210843,0.7,0.9461744194888998
lr,catboost_hierarchical_income_commute_buckets_gpu::oof_prediction,0.9928151672627369,0.5,0.9456991344748621
lr,catboost_hierarchical_income_commute_buckets_gpu::oof_prediction,0.9928151672627369,0.6,0.9456384373422324
lr,catboost_hierarchical_income_commute_buckets_gpu::oof_prediction,0.9928151672627369,0.7,0.9455454267935788
OURS_BLEND,catboost_hierarchical_income_commute_buckets_gpu::oof_prediction,0.9939380856047921,0.5,0.946187529583642
OURS_BLEND,catboost_hierarchical_income_commute_buckets_gpu::oof_prediction,0.9939380856047921,0.6,0.946252036258098
OURS_BLEND,catboost_hierarchical_income_commute_buckets_gpu::oof_prediction,0.9939380856047921,0.7,0.9462961667326008
lgbm_ref,catboost_hierarchical_income_commute_multiseed_gpu::oof_prediction,0.9930736728596271,0.5,0.9462129396636298
lgbm_ref,catboost_hierarchical_income_commute_multiseed_gpu::oof_prediction,0.9930736728596271,0.6,0.946266209035332
lgbm_ref,catboost_hierarchical_income_commute_multiseed_gpu::oof_prediction,0.9930736728596271,0.7,0.9462984215028419
xgb_ref,catboost_hierarchical_income_commute_multiseed_gpu::oof_prediction,0.9937342634857864,0.5,0.9462119957345122
xgb_ref,catboost_hierarchical_income_commute_multiseed_gpu::oof_prediction,0.9937342634857864,0.6,0.9462659031718861
xgb_ref,catboost_hierarchical_income_commute_multiseed_gpu::oof_prediction,0.9937342634857864,0.7,0.9462990944800042
cat_ref,catboost_hierarchical_income_commute_multiseed_gpu::oof_prediction,0.9871919905392841,0.5,0.946114752578834
cat_ref,catboost_hierarchical_income_commute_multiseed_gpu::oof_prediction,0.9871919905392841,0.6,0.9461587011722303
cat_ref,catboost_hierarchical_income_commute_multiseed_gpu::oof_prediction,0.9871919905392841,0.7,0.9461824534917364
lr,catboost_hierarchical_income_commute_multiseed_gpu::oof_prediction,0.9930402652326177,0.5,0.9457174789889975
lr,catboost_hierarchical_income_commute_multiseed_gpu::oof_prediction,0.9930402652326177,0.6,0.9456515720224218
lr,catboost_hierarchical_income_commute_multiseed_gpu::oof_prediction,0.9930402652326177,0.7,0.9455538576935119
OURS_BLEND,catboost_hierarchical_income_commute_multiseed_gpu::oof_prediction,0.9941631967078546,0.5,0.946205417773566
OURS_BLEND,catboost_hierarchical_income_commute_multiseed_gpu::oof_prediction,0.9941631967078546,0.6,0.9462643426748163
OURS_BLEND,catboost_hierarchical_income_commute_multiseed_gpu::oof_prediction,0.9941631967078546,0.7,0.9463038635214732
lgbm_ref,catboost_hierarchical_income_multiseed_gpu::oof_prediction,0.9930173921552472,0.5,0.9461915934052478
lgbm_ref,catboost_hierarchical_income_multiseed_gpu::oof_prediction,0.9930173921552472,0.6,0.9462496071631485
lgbm_ref,catboost_hierarchical_income_multiseed_gpu::oof_prediction,0.9930173921552472,0.7,0.9462863714450765
xgb_ref,catboost_hierarchical_income_multiseed_gpu::oof_prediction,0.993687776933558,0.5,0.9461903487330359
xgb_ref,catboost_hierarchical_income_multiseed_gpu::oof_prediction,0.993687776933558,0.6,0.9462492310655422
xgb_ref,catboost_hierarchical_income_multiseed_gpu::oof_prediction,0.993687776933558,0.7,0.9462870197669684
cat_ref,catboost_hierarchical_income_multiseed_gpu::oof_prediction,0.9870376322284693,0.5,0.9460928346719509
cat_ref,catboost_hierarchical_income_multiseed_gpu::oof_prediction,0.9870376322284693,0.6,0.9461415318952315
cat_ref,catboost_hierarchical_income_multiseed_gpu::oof_prediction,0.9870376322284693,0.7,0.9461699958229256
lr,catboost_hierarchical_income_multiseed_gpu::oof_prediction,0.9928916388629944,0.5,0.9456966978933373
lr,catboost_hierarchical_income_multiseed_gpu::oof_prediction,0.9928916388629944,0.6,0.9456355087336791
lr,catboost_hierarchical_income_multiseed_gpu::oof_prediction,0.9928916388629944,0.7,0.9455422113211883
OURS_BLEND,catboost_hierarchical_income_multiseed_gpu::oof_prediction,0.9940865143669025,0.5,0.9461837391267636
OURS_BLEND,catboost_hierarchical_income_multiseed_gpu::oof_prediction,0.9940865143669025,0.6,0.9462475529865729
OURS_BLEND,catboost_hierarchical_income_multiseed_gpu::oof_prediction,0.9940865143669025,0.7,0.9462917162778767
lgbm_ref,lightgbm_engineered_learned_margin_cpu::oof_prediction,0.9951211015363672,0.5,0.9462718055567032
lgbm_ref,lightgbm_engineered_learned_margin_cpu::oof_prediction,0.9951211015363672,0.6,0.9463104262299767
lgbm_ref,lightgbm_engineered_learned_margin_cpu::oof_prediction,0.9951211015363672,0.7,0.9463297501976112
xgb_ref,lightgbm_engineered_learned_margin_cpu::oof_prediction,0.9950880040097101,0.5,0.9462717314434882
xgb_ref,lightgbm_engineered_learned_margin_cpu::oof_prediction,0.9950880040097101,0.6,0.9463110172737502
xgb_ref,lightgbm_engineered_learned_margin_cpu::oof_prediction,0.9950880040097101,0.7,0.9463311852848493
cat_ref,lightgbm_engineered_learned_margin_cpu::oof_prediction,0.988381224968135,0.5,0.9462073300388127
cat_ref,lightgbm_engineered_learned_margin_cpu::oof_prediction,0.988381224968135,0.6,0.9462331929984116
cat_ref,lightgbm_engineered_learned_margin_cpu::oof_prediction,0.988381224968135,0.7,0.9462390756388414
lr,lightgbm_engineered_learned_margin_cpu::oof_prediction,0.9920902622667856,0.5,0.9459034547479157
lr,lightgbm_engineered_learned_margin_cpu::oof_prediction,0.9920902622667856,0.6,0.9458185430366155
lr,lightgbm_engineered_learned_margin_cpu::oof_prediction,0.9920902622667856,0.7,0.9456941984944043
OURS_BLEND,lightgbm_engineered_learned_margin_cpu::oof_prediction,0.995656782257786,0.5,0.9462729219640996
OURS_BLEND,lightgbm_engineered_learned_margin_cpu::oof_prediction,0.995656782257786,0.6,0.946316246673647
OURS_BLEND,lightgbm_engineered_learned_margin_cpu::oof_prediction,0.995656782257786,0.7,0.9463416872042127
lgbm_ref,lightgbm_fine_income_highres_cpu::oof_prediction,0.9967319168168621,0.5,0.9462865873377327
lgbm_ref,lightgbm_fine_income_highres_cpu::oof_prediction,0.9967319168168621,0.6,0.9463116660844031
lgbm_ref,lightgbm_fine_income_highres_cpu::oof_prediction,0.9967319168168621,0.7,0.9463229656149492
xgb_ref,lightgbm_fine_income_highres_cpu::oof_prediction,0.9962778916717829,0.5,0.9462917524151481
xgb_ref,lightgbm_fine_income_highres_cpu::oof_prediction,0.9962778916717829,0.6,0.9463173670842278
xgb_ref,lightgbm_fine_income_highres_cpu::oof_prediction,0.9962778916717829,0.7,0.9463288501250833
cat_ref,lightgbm_fine_income_highres_cpu::oof_prediction,0.9896654444382162,0.5,0.9462490414340847
cat_ref,lightgbm_fine_income_highres_cpu::oof_prediction,0.9896654444382162,0.6,0.9462598655787458
cat_ref,lightgbm_fine_income_highres_cpu::oof_prediction,0.9896654444382162,0.7,0.9462543154974149
lr,lightgbm_fine_income_highres_cpu::oof_prediction,0.9896956482859116,0.5,0.9460026512014788
lr,lightgbm_fine_income_highres_cpu::oof_prediction,0.9896956482859116,0.6,0.9459089409567357
lr,lightgbm_fine_income_highres_cpu::oof_prediction,0.9896956482859116,0.7,0.9457746157935351
OURS_BLEND,lightgbm_fine_income_highres_cpu::oof_prediction,0.9968785346689162,0.5,0.9462954002314353
OURS_BLEND,lightgbm_fine_income_highres_cpu::oof_prediction,0.9968785346689162,0.6,0.9463247551469117
OURS_BLEND,lightgbm_fine_income_highres_cpu::oof_prediction,0.9968785346689162,0.7,0.946340938794957
lgbm_ref,lightgbm_fine_income_highres_singleton_cpu::oof_prediction,0.9962467465810189,0.5,0.9462083130687997
lgbm_ref,lightgbm_fine_income_highres_singleton_cpu::oof_prediction,0.9962467465810189,0.6,0.9462539561883562
lgbm_ref,lightgbm_fine_income_highres_singleton_cpu::oof_prediction,0.9962467465810189,0.7,0.9462833115460452
xgb_ref,lightgbm_fine_income_highres_singleton_cpu::oof_prediction,0.9957467335758692,0.5,0.9462188627393235
xgb_ref,lightgbm_fine_income_highres_singleton_cpu::oof_prediction,0.9957467335758692,0.6,0.9462647892703588
xgb_ref,lightgbm_fine_income_highres_singleton_cpu::oof_prediction,0.9957467335758692,0.7,0.946293689056373
cat_ref,lightgbm_fine_income_highres_singleton_cpu::oof_prediction,0.9900746720877807,0.5,0.9461576889562374
cat_ref,lightgbm_fine_income_highres_singleton_cpu::oof_prediction,0.9900746720877807,0.6,0.946189813757116
cat_ref,lightgbm_fine_income_highres_singleton_cpu::oof_prediction,0.9900746720877807,0.7,0.9462039891488326
lr,lightgbm_fine_income_highres_singleton_cpu::oof_prediction,0.9906921270748306,0.5,0.9458352813118707
lr,lightgbm_fine_income_highres_singleton_cpu::oof_prediction,0.9906921270748306,0.6,0.9457645246893158
lr,lightgbm_fine_income_highres_singleton_cpu::oof_prediction,0.9906921270748306,0.7,0.9456572931700555
OURS_BLEND,lightgbm_fine_income_highres_singleton_cpu::oof_prediction,0.9966029363642974,0.5,0.9462138568738206
OURS_BLEND,lightgbm_fine_income_highres_singleton_cpu::oof_prediction,0.9966029363642974,0.6,0.9462639184769341
OURS_BLEND,lightgbm_fine_income_highres_singleton_cpu::oof_prediction,0.9966029363642974,0.7,0.9462985528165944
lgbm_ref,lightgbm_fine_income_te_cpu::oof_prediction,0.9967761253120306,0.5,0.9462870143440503
lgbm_ref,lightgbm_fine_income_te_cpu::oof_prediction,0.9967761253120306,0.6,0.9463120566896732
lgbm_ref,lightgbm_fine_income_te_cpu::oof_prediction,0.9967761253120306,0.7,0.9463234658035085
xgb_ref,lightgbm_fine_income_te_cpu::oof_prediction,0.9963626653611605,0.5,0.9462905914917226
xgb_ref,lightgbm_fine_income_te_cpu::oof_prediction,0.9963626653611605,0.6,0.9463162477597824
xgb_ref,lightgbm_fine_income_te_cpu::oof_prediction,0.9963626653611605,0.7,0.9463278462490574
cat_ref,lightgbm_fine_income_te_cpu::oof_prediction,0.9897461686607063,0.5,0.9462451017577385
cat_ref,lightgbm_fine_income_te_cpu::oof_prediction,0.9897461686607063,0.6,0.9462560600944103
cat_ref,lightgbm_fine_income_te_cpu::oof_prediction,0.9897461686607063,0.7,0.9462510228706307
lr,lightgbm_fine_income_te_cpu::oof_prediction,0.9899565957545237,0.5,0.9459975885311016
lr,lightgbm_fine_income_te_cpu::oof_prediction,0.9899565957545237,0.6,0.9459036389642133
lr,lightgbm_fine_income_te_cpu::oof_prediction,0.9899565957545237,0.7,0.9457690487607361
OURS_BLEND,lightgbm_fine_income_te_cpu::oof_prediction,0.9969555813133213,0.5,0.9462941958936317
OURS_BLEND,lightgbm_fine_income_te_cpu::oof_prediction,0.9969555813133213,0.6,0.9463236228896988
OURS_BLEND,lightgbm_fine_income_te_cpu::oof_prediction,0.9969555813133213,0.7,0.9463399046312739
lgbm_ref,xgboost_exact_value_bayesian_te_smoothing_ultralow_gpu::oof_prediction,0.9935564997376051,0.5,0.9461758839638549
lgbm_ref,xgboost_exact_value_bayesian_te_smoothing_ultralow_gpu::oof_prediction,0.9935564997376051,0.6,0.9462366212214243
lgbm_ref,xgboost_exact_value_bayesian_te_smoothing_ultralow_gpu::oof_prediction,0.9935564997376051,0.7,0.946276154162973
xgb_ref,xgboost_exact_value_bayesian_te_smoothing_ultralow_gpu::oof_prediction,0.9940286711719091,0.5,0.9461738167071075
xgb_ref,xgboost_exact_value_bayesian_te_smoothing_ultralow_gpu::oof_prediction,0.9940286711719091,0.6,0.9462354192188116
xgb_ref,xgboost_exact_value_bayesian_te_smoothing_ultralow_gpu::oof_prediction,0.9940286711719091,0.7,0.94627622272914
cat_ref,xgboost_exact_value_bayesian_te_smoothing_ultralow_gpu::oof_prediction,0.9875391418323395,0.5,0.9460901842381526
cat_ref,xgboost_exact_value_bayesian_te_smoothing_ultralow_gpu::oof_prediction,0.9875391418323395,0.6,0.9461406401316382
cat_ref,xgboost_exact_value_bayesian_te_smoothing_ultralow_gpu::oof_prediction,0.9875391418323395,0.7,0.946170196548479
lr,xgboost_exact_value_bayesian_te_smoothing_ultralow_gpu::oof_prediction,0.9913502411885788,0.5,0.9457349159052395
lr,xgboost_exact_value_bayesian_te_smoothing_ultralow_gpu::oof_prediction,0.9913502411885788,0.6,0.945674306004787
lr,xgboost_exact_value_bayesian_te_smoothing_ultralow_gpu::oof_prediction,0.9913502411885788,0.7,0.9455784077328142
OURS_BLEND,xgboost_exact_value_bayesian_te_smoothing_ultralow_gpu::oof_prediction,0.9944592723427028,0.5,0.9461711871814129
OURS_BLEND,xgboost_exact_value_bayesian_te_smoothing_ultralow_gpu::oof_prediction,0.9944592723427028,0.6,0.9462375055605072
OURS_BLEND,xgboost_exact_value_bayesian_te_smoothing_ultralow_gpu::oof_prediction,0.9944592723427028,0.7,0.9462842735593149
lgbm_ref,xgboost_fine_income_maxbin8192_gpu::oof_prediction,0.9968793088104707,0.5,0.9463231573100636
lgbm_ref,xgboost_fine_income_maxbin8192_gpu::oof_prediction,0.9968793088104707,0.6,0.946337838111547
lgbm_ref,xgboost_fine_income_maxbin8192_gpu::oof_prediction,0.9968793088104707,0.7,0.9463402835217996
xgb_ref,xgboost_fine_income_maxbin8192_gpu::oof_prediction,0.9963658781413006,0.5,0.946327912999827
xgb_ref,xgboost_fine_income_maxbin8192_gpu::oof_prediction,0.9963658781413006,0.6,0.9463431816409847
xgb_ref,xgboost_fine_income_maxbin8192_gpu::oof_prediction,0.9963658781413006,0.7,0.9463457956504615
cat_ref,xgboost_fine_income_maxbin8192_gpu::oof_prediction,0.9902144511974228,0.5,0.9462888813640051
cat_ref,xgboost_fine_income_maxbin8192_gpu::oof_prediction,0.9902144511974228,0.6,0.9462895446435312
cat_ref,xgboost_fine_income_maxbin8192_gpu::oof_prediction,0.9902144511974228,0.7,0.946275034148056
lr,xgboost_fine_income_maxbin8192_gpu::oof_prediction,0.9894120875815928,0.5,0.9460446037110193
lr,xgboost_fine_income_maxbin8192_gpu::oof_prediction,0.9894120875815928,0.6,0.9459421451355566
lr,xgboost_fine_income_maxbin8192_gpu::oof_prediction,0.9894120875815928,0.7,0.9457999574702762
OURS_BLEND,xgboost_fine_income_maxbin8192_gpu::oof_prediction,0.997060466244496,0.5,0.94633229843384
OURS_BLEND,xgboost_fine_income_maxbin8192_gpu::oof_prediction,0.997060466244496,0.6,0.9463512079865677
OURS_BLEND,xgboost_fine_income_maxbin8192_gpu::oof_prediction,0.997060466244496,0.7,0.9463586384162849
lgbm_ref,xgboost_fine_income_maxbin8192_singleton_gpu::oof_prediction,0.9964605077625956,0.5,0.9462247162480544
lgbm_ref,xgboost_fine_income_maxbin8192_singleton_gpu::oof_prediction,0.9964605077625956,0.6,0.9462636601319057
lgbm_ref,xgboost_fine_income_maxbin8192_singleton_gpu::oof_prediction,0.9964605077625956,0.7,0.9462881391302043
xgb_ref,xgboost_fine_income_maxbin8192_singleton_gpu::oof_prediction,0.9959294977143262,0.5,0.9462356847168167
xgb_ref,xgboost_fine_income_maxbin8192_singleton_gpu::oof_prediction,0.9959294977143262,0.6,0.9462748783341955
xgb_ref,xgboost_fine_income_maxbin8192_singleton_gpu::oof_prediction,0.9959294977143262,0.7,0.9462987055194532
cat_ref,xgboost_fine_income_maxbin8192_singleton_gpu::oof_prediction,0.9901768720550849,0.5,0.9461768801748691
cat_ref,xgboost_fine_income_maxbin8192_singleton_gpu::oof_prediction,0.9901768720550849,0.6,0.9462023985580583
cat_ref,xgboost_fine_income_maxbin8192_singleton_gpu::oof_prediction,0.9901768720550849,0.7,0.9462110924113367
lr,xgboost_fine_income_maxbin8192_singleton_gpu::oof_prediction,0.9904564303566925,0.5,0.9458496412845158
lr,xgboost_fine_income_maxbin8192_singleton_gpu::oof_prediction,0.9904564303566925,0.6,0.9457736994522528
lr,xgboost_fine_income_maxbin8192_singleton_gpu::oof_prediction,0.9904564303566925,0.7,0.9456632619565273
OURS_BLEND,xgboost_fine_income_maxbin8192_singleton_gpu::oof_prediction,0.9967645447277778,0.5,0.9462304151842222
OURS_BLEND,xgboost_fine_income_maxbin8192_singleton_gpu::oof_prediction,0.9967645447277778,0.6,0.9462736580457202
OURS_BLEND,xgboost_fine_income_maxbin8192_singleton_gpu::oof_prediction,0.9967645447277778,0.7,0.9463033613856285
lgbm_ref,xgboost_fine_income_te_gpu::oof_prediction,0.9968729289759369,0.5,0.9463263605168837
lgbm_ref,xgboost_fine_income_te_gpu::oof_prediction,0.9968729289759369,0.6,0.9463407780159068
lgbm_ref,xgboost_fine_income_te_gpu::oof_prediction,0.9968729289759369,0.7,0.9463427638435425
xgb_ref,xgboost_fine_income_te_gpu::oof_prediction,0.9964140513856815,0.5,0.9463292803122254
xgb_ref,xgboost_fine_income_te_gpu::oof_prediction,0.9964140513856815,0.6,0.9463444367633693
xgb_ref,xgboost_fine_income_te_gpu::oof_prediction,0.9964140513856815,0.7,0.9463466949549364
cat_ref,xgboost_fine_income_te_gpu::oof_prediction,0.9902625731529626,0.5,0.9462886616776336
cat_ref,xgboost_fine_income_te_gpu::oof_prediction,0.9902625731529626,0.6,0.9462890594126059
cat_ref,xgboost_fine_income_te_gpu::oof_prediction,0.9902625731529626,0.7,0.9462744011561874
lr,xgboost_fine_income_te_gpu::oof_prediction,0.9896164387483617,0.5,0.9460472241131777
lr,xgboost_fine_income_te_gpu::oof_prediction,0.9896164387483617,0.6,0.9459438255497166
lr,xgboost_fine_income_te_gpu::oof_prediction,0.9896164387483617,0.7,0.9458002052953092
OURS_BLEND,xgboost_fine_income_te_gpu::oof_prediction,0.9970957902979377,0.5,0.9463344081817503
OURS_BLEND,xgboost_fine_income_te_gpu::oof_prediction,0.9970957902979377,0.6,0.9463530439430545
OURS_BLEND,xgboost_fine_income_te_gpu::oof_prediction,0.9970957902979377,0.7,0.9463598819635709
lgbm_ref,xgboost_fine_income_triple_categorical_te_gpu::oof_prediction,0.9968524969285593,0.5,0.94633044443975
lgbm_ref,xgboost_fine_income_triple_categorical_te_gpu::oof_prediction,0.9968524969285593,0.6,0.9463440824505328
lgbm_ref,xgboost_fine_income_triple_categorical_te_gpu::oof_prediction,0.9968524969285593,0.7,0.9463453232281741
xgb_ref,xgboost_fine_income_triple_categorical_te_gpu::oof_prediction,0.9964081903349029,0.5,0.9463329971136172
xgb_ref,xgboost_fine_income_triple_categorical_te_gpu::oof_prediction,0.9964081903349029,0.6,0.946347383828464
xgb_ref,xgboost_fine_income_triple_categorical_te_gpu::oof_prediction,0.9964081903349029,0.7,0.9463489572039946
cat_ref,xgboost_fine_income_triple_categorical_te_gpu::oof_prediction,0.9902571077893633,0.5,0.9462929989725806
cat_ref,xgboost_fine_income_triple_categorical_te_gpu::oof_prediction,0.9902571077893633,0.6,0.9462925424932072
cat_ref,xgboost_fine_income_triple_categorical_te_gpu::oof_prediction,0.9902571077893633,0.7,0.9462770544682441
lr,xgboost_fine_income_triple_categorical_te_gpu::oof_prediction,0.9895087531980755,0.5,0.9460534968080522
lr,xgboost_fine_income_triple_categorical_te_gpu::oof_prediction,0.9895087531980755,0.6,0.9459493497267217
lr,xgboost_fine_income_triple_categorical_te_gpu::oof_prediction,0.9895087531980755,0.7,0.9458052033483965
OURS_BLEND,xgboost_fine_income_triple_categorical_te_gpu::oof_prediction,0.997080296584415,0.5,0.9463383997288128
OURS_BLEND,xgboost_fine_income_triple_categorical_te_gpu::oof_prediction,0.997080296584415,0.6,0.9463562498419384
OURS_BLEND,xgboost_fine_income_triple_categorical_te_gpu::oof_prediction,0.997080296584415,0.7,0.9463623396937006
lgbm_ref,xgboost_hierarchical_commute_te_gpu::oof_prediction,0.9955802713833642,0.5,0.946306786257138
lgbm_ref,xgboost_hierarchical_commute_te_gpu::oof_prediction,0.9955802713833642,0.6,0.9463336236197067
lgbm_ref,xgboost_hierarchical_commute_te_gpu::oof_prediction,0.9955802713833642,0.7,0.9463433657253942
xgb_ref,xgboost_hierarchical_commute_te_gpu::oof_prediction,0.9954583691783099,0.5,0.9463072594940268
xgb_ref,xgboost_hierarchical_commute_te_gpu::oof_prediction,0.9954583691783099,0.6,0.9463345914205258
xgb_ref,xgboost_hierarchical_commute_te_gpu::oof_prediction,0.9954583691783099,0.7,0.946345373780012
cat_ref,xgboost_hierarchical_commute_te_gpu::oof_prediction,0.9892927073984207,0.5,0.946246007144571
cat_ref,xgboost_hierarchical_commute_te_gpu::oof_prediction,0.9892927073984207,0.6,0.9462597057229105
cat_ref,xgboost_hierarchical_commute_te_gpu::oof_prediction,0.9892927073984207,0.7,0.946255822835922
lr,xgboost_hierarchical_commute_te_gpu::oof_prediction,0.9922411635204151,0.5,0.9459393440470403
lr,xgboost_hierarchical_commute_te_gpu::oof_prediction,0.9922411635204151,0.6,0.9458433163155032
lr,xgboost_hierarchical_commute_te_gpu::oof_prediction,0.9922411635204151,0.7,0.9457103399460951
OURS_BLEND,xgboost_hierarchical_commute_te_gpu::oof_prediction,0.9961572504850462,0.5,0.9463085163076793
OURS_BLEND,xgboost_hierarchical_commute_te_gpu::oof_prediction,0.9961572504850462,0.6,0.9463399966734787
OURS_BLEND,xgboost_hierarchical_commute_te_gpu::oof_prediction,0.9961572504850462,0.7,0.946355831524703
lgbm_ref,xgboost_hierarchical_income_te_gpu::oof_prediction,0.9955468022374175,0.5,0.946294425735368
lgbm_ref,xgboost_hierarchical_income_te_gpu::oof_prediction,0.9955468022374175,0.6,0.9463247137729167
lgbm_ref,xgboost_hierarchical_income_te_gpu::oof_prediction,0.9955468022374175,0.7,0.9463377003818383
xgb_ref,xgboost_hierarchical_income_te_gpu::oof_prediction,0.9954096516449007,0.5,0.9462946309063177
xgb_ref,xgboost_hierarchical_income_te_gpu::oof_prediction,0.9954096516449007,0.6,0.9463253937866836
xgb_ref,xgboost_hierarchical_income_te_gpu::oof_prediction,0.9954096516449007,0.7,0.9463392224607525
cat_ref,xgboost_hierarchical_income_te_gpu::oof_prediction,0.9892723670369032,0.5,0.9462328594074841
cat_ref,xgboost_hierarchical_income_te_gpu::oof_prediction,0.9892723670369032,0.6,0.9462502752139115
cat_ref,xgboost_hierarchical_income_te_gpu::oof_prediction,0.9892723670369032,0.7,0.9462494898993316
lr,xgboost_hierarchical_income_te_gpu::oof_prediction,0.9920816221544021,0.5,0.9459302858341743
lr,xgboost_hierarchical_income_te_gpu::oof_prediction,0.9920816221544021,0.6,0.9458381979884525
lr,xgboost_hierarchical_income_te_gpu::oof_prediction,0.9920816221544021,0.7,0.9457080930503344
OURS_BLEND,xgboost_hierarchical_income_te_gpu::oof_prediction,0.9961146243663197,0.5,0.9462959120261256
OURS_BLEND,xgboost_hierarchical_income_te_gpu::oof_prediction,0.9961146243663197,0.6,0.9463309732712477
OURS_BLEND,xgboost_hierarchical_income_te_gpu::oof_prediction,0.9961146243663197,0.7,0.9463498407284762
lgbm_ref,xgboost_m2_exact_frequency_learned_logistic_margin_gpu::oof_prediction,0.9952731662029825,0.5,0.9462834609284332
lgbm_ref,xgboost_m2_exact_frequency_learned_logistic_margin_gpu::oof_prediction,0.9952731662029825,0.6,0.9463174598712111
lgbm_ref,xgboost_m2_exact_frequency_learned_logistic_margin_gpu::oof_prediction,0.9952731662029825,0.7,0.9463332579102083
xgb_ref,xgboost_m2_exact_frequency_learned_logistic_margin_gpu::oof_prediction,0.9952149172361311,0.5,0.9462830731781471
xgb_ref,xgboost_m2_exact_frequency_learned_logistic_margin_gpu::oof_prediction,0.9952149172361311,0.6,0.9463176903335958
xgb_ref,xgboost_m2_exact_frequency_learned_logistic_margin_gpu::oof_prediction,0.9952149172361311,0.7,0.946334378406128
cat_ref,xgboost_m2_exact_frequency_learned_logistic_margin_gpu::oof_prediction,0.9889420490812328,0.5,0.9462195952987628
cat_ref,xgboost_m2_exact_frequency_learned_logistic_margin_gpu::oof_prediction,0.9889420490812328,0.6,0.9462406526606834
cat_ref,xgboost_m2_exact_frequency_learned_logistic_margin_gpu::oof_prediction,0.9889420490812328,0.7,0.9462429320551623
lr,xgboost_m2_exact_frequency_learned_logistic_margin_gpu::oof_prediction,0.9920855876167117,0.5,0.9459182588102344
lr,xgboost_m2_exact_frequency_learned_logistic_margin_gpu::oof_prediction,0.9920855876167117,0.6,0.9458287369900852
lr,xgboost_m2_exact_frequency_learned_logistic_margin_gpu::oof_prediction,0.9920855876167117,0.7,0.9457008556656428
OURS_BLEND,xgboost_m2_exact_frequency_learned_logistic_margin_gpu::oof_prediction,0.9958718676729439,0.5,0.9462845096851193
OURS_BLEND,xgboost_m2_exact_frequency_learned_logistic_margin_gpu::oof_prediction,0.9958718676729439,0.6,0.9463232664511403
OURS_BLEND,xgboost_m2_exact_frequency_learned_logistic_margin_gpu::oof_prediction,0.9958718676729439,0.7,0.9463452947481561
lgbm_ref,xgboost_m2_income_digits_recipe_base_margin_gpu::oof_prediction,0.9945887470911868,0.5,0.9462545501259043
lgbm_ref,xgboost_m2_income_digits_recipe_base_margin_gpu::oof_prediction,0.9945887470911868,0.6,0.9462959060058328
lgbm_ref,xgboost_m2_income_digits_recipe_base_margin_gpu::oof_prediction,0.9945887470911868,0.7,0.946318197341533
xgb_ref,xgboost_m2_income_digits_recipe_base_margin_gpu::oof_prediction,0.9943482808499738,0.5,0.9462544567880954
xgb_ref,xgboost_m2_income_digits_recipe_base_margin_gpu::oof_prediction,0.9943482808499738,0.6,0.9462966223275499
xgb_ref,xgboost_m2_income_digits_recipe_base_margin_gpu::oof_prediction,0.9943482808499738,0.7,0.9463199716132953
cat_ref,xgboost_m2_income_digits_recipe_base_margin_gpu::oof_prediction,0.9855269019262708,0.5,0.9462000845003484
cat_ref,xgboost_m2_income_digits_recipe_base_margin_gpu::oof_prediction,0.9855269019262708,0.6,0.9462285940534816
cat_ref,xgboost_m2_income_digits_recipe_base_margin_gpu::oof_prediction,0.9855269019262708,0.7,0.9462367062735727
lr,xgboost_m2_income_digits_recipe_base_margin_gpu::oof_prediction,0.9920063148204686,0.5,0.945864708028646
lr,xgboost_m2_income_digits_recipe_base_margin_gpu::oof_prediction,0.9920063148204686,0.6,0.945783583585641
lr,xgboost_m2_income_digits_recipe_base_margin_gpu::oof_prediction,0.9920063148204686,0.7,0.9456651795981432
OURS_BLEND,xgboost_m2_income_digits_recipe_base_margin_gpu::oof_prediction,0.9946027572352438,0.5,0.9462566350944144
OURS_BLEND,xgboost_m2_income_digits_recipe_base_margin_gpu::oof_prediction,0.9946027572352438,0.6,0.9463029937055703
OURS_BLEND,xgboost_m2_income_digits_recipe_base_margin_gpu::oof_prediction,0.9946027572352438,0.7,0.9463314374776977
lgbm_ref,xgboost_m2_income_digits_recipe_margin_exact_frequency_gpu::oof_prediction,0.9946483834993883,0.5,0.9462741902364789
lgbm_ref,xgboost_m2_income_digits_recipe_margin_exact_frequency_gpu::oof_prediction,0.9946483834993883,0.6,0.9463104372232173
lgbm_ref,xgboost_m2_income_digits_recipe_margin_exact_frequency_gpu::oof_prediction,0.9946483834993883,0.7,0.9463282532782443
xgb_ref,xgboost_m2_income_digits_recipe_margin_exact_frequency_gpu::oof_prediction,0.9943661430285504,0.5,0.9462742446208227
xgb_ref,xgboost_m2_income_digits_recipe_margin_exact_frequency_gpu::oof_prediction,0.9943661430285504,0.6,0.9463112231351717
xgb_ref,xgboost_m2_income_digits_recipe_margin_exact_frequency_gpu::oof_prediction,0.9943661430285504,0.7,0.9463301567457951
cat_ref,xgboost_m2_income_digits_recipe_margin_exact_frequency_gpu::oof_prediction,0.9855265992033374,0.5,0.946220866914887
cat_ref,xgboost_m2_income_digits_recipe_margin_exact_frequency_gpu::oof_prediction,0.9855265992033374,0.6,0.9462440002691858
cat_ref,xgboost_m2_income_digits_recipe_margin_exact_frequency_gpu::oof_prediction,0.9855265992033374,0.7,0.9462474585471126
lr,xgboost_m2_income_digits_recipe_margin_exact_frequency_gpu::oof_prediction,0.992042762201651,0.5,0.9459047719429303
lr,xgboost_m2_income_digits_recipe_margin_exact_frequency_gpu::oof_prediction,0.992042762201651,0.6,0.9458178073351423
lr,xgboost_m2_income_digits_recipe_margin_exact_frequency_gpu::oof_prediction,0.992042762201651,0.7,0.9456924643243073
OURS_BLEND,xgboost_m2_income_digits_recipe_margin_exact_frequency_gpu::oof_prediction,0.9946330799794028,0.5,0.9462773334420844
OURS_BLEND,xgboost_m2_income_digits_recipe_margin_exact_frequency_gpu::oof_prediction,0.9946330799794028,0.6,0.9463183962827211
OURS_BLEND,xgboost_m2_income_digits_recipe_margin_exact_frequency_gpu::oof_prediction,0.9946330799794028,0.7,0.9463423343623885
lgbm_ref,xgboost_m2_income_digit_decomposition_gpu::oof_prediction,0.9947466572504875,0.5,0.9462332721854297
lgbm_ref,xgboost_m2_income_digit_decomposition_gpu::oof_prediction,0.9947466572504875,0.6,0.946278454271603
lgbm_ref,xgboost_m2_income_digit_decomposition_gpu::oof_prediction,0.9947466572504875,0.7,0.9463049945451469
xgb_ref,xgboost_m2_income_digit_decomposition_gpu::oof_prediction,0.99499297259013,0.5,0.9462322334599784
xgb_ref,xgboost_m2_income_digit_decomposition_gpu::oof_prediction,0.99499297259013,0.6,0.9462780087777117
xgb_ref,xgboost_m2_income_digit_decomposition_gpu::oof_prediction,0.99499297259013,0.7,0.9463054807923843
cat_ref,xgboost_m2_income_digit_decomposition_gpu::oof_prediction,0.9883439377965065,0.5,0.94616522615305
cat_ref,xgboost_m2_income_digit_decomposition_gpu::oof_prediction,0.9883439377965065,0.6,0.9461978398699558
cat_ref,xgboost_m2_income_digit_decomposition_gpu::oof_prediction,0.9883439377965065,0.7,0.9462112817479861
lr,xgboost_m2_income_digit_decomposition_gpu::oof_prediction,0.9912718528980862,0.5,0.9458422060835618
lr,xgboost_m2_income_digit_decomposition_gpu::oof_prediction,0.9912718528980862,0.6,0.945765067454377
lr,xgboost_m2_income_digit_decomposition_gpu::oof_prediction,0.9912718528980862,0.7,0.9456505057168932
OURS_BLEND,xgboost_m2_income_digit_decomposition_gpu::oof_prediction,0.9954368311851058,0.5,0.94623252576225
OURS_BLEND,xgboost_m2_income_digit_decomposition_gpu::oof_prediction,0.9954368311851058,0.6,0.946282596000139
OURS_BLEND,xgboost_m2_income_digit_decomposition_gpu::oof_prediction,0.9954368311851058,0.7,0.9463153566478704
