feature,segment,n,positives,positive_rate,cat_auc,xgb_auc,lgbm_auc,champion_auc,best_member,best_member_auc,best_member_minus_champion,champion_rank_error_pos,champion_rank_error_neg,champion_rank_error_balanced,cat_xgb_rank_disagreement,xgb_lgbm_rank_disagreement,cat_lgbm_rank_disagreement,max_rank_disagreement,evaluable_folds,cat_fold_wins,xgb_fold_wins,lgbm_fold_wins,champion_fold_wins,best_member_fold_wins,stable_member_signal
Environmental_Concern_Level,1,147476,834,0.00565515744934769,0.8379464742876802,0.8391387611395861,0.8392029478666082,0.8398771783298937,LGBM,0.8392029478666082,-0.0006742304632855189,0.4269502294251834,0.003535971950861831,0.2152431006880226,0.018473591738877446,0.009899698176347038,0.019966434394669854,0.02416986215494717,5,1,1,2,1,2,False
Environmental_Concern_Level,2,135133,2889,0.02137893778721704,0.8481500976163209,0.8494517275193365,0.84907191494908,0.8497141348870113,XGB,0.8494517275193365,-0.00026240736767479955,0.26558234632077155,0.011811885979085114,0.13869711614992833,0.02036034387299994,0.010463471354716876,0.022019093054325176,0.026421454141020994,5,0,1,1,3,1,False
Environmental_Concern_Level,3,127351,14126,0.11092178310339142,0.8633121685294765,0.8640371664326176,0.8634796696307374,0.8641992855706396,XGB,0.8640371664326176,-0.00016211913802199884,0.12325754191934025,0.04661602814552203,0.08493678503243114,0.016060070236205908,0.009107910191841082,0.017565978232840288,0.02136697933044364,5,0,0,0,5,0,False
Environmental_Concern_Level,4,130469,32467,0.2488483854402195,0.8758831928246003,0.876405040790266,0.8761121113357058,0.8765535081380914,XGB,0.876405040790266,-0.00014846734782536508,0.0625823524701052,0.09913774790074219,0.08086005018542369,0.01519554462618154,0.008868315647991877,0.016557779880605587,0.020310820077389498,5,0,0,0,5,0,False
Environmental_Concern_Level,5,128236,66463,0.5182865965875417,0.8825659894742218,0.8830890748001693,0.8828769757180523,0.8832724436219037,XGB,0.8830890748001693,-0.00018336882173441982,0.021273202116566088,0.20635414219058223,0.11381367215357416,0.012265515040171189,0.007166282900873436,0.013469305019487966,0.0164505514802663,5,0,0,0,5,0,False
audit_income_1k,30000,61605,2727,0.044265887509130755,0.9161577457382274,0.9161128000092376,0.9155086749772389,0.9161240325488668,CAT,0.9161577457382274,3.371318936062906e-05,0.16065151326319485,0.01950671861006076,0.0900791159366278,0.013942469937232393,0.00713551438790373,0.015147197456534678,0.0181125908908354,5,3,1,0,1,3,False
audit_income_1k,43000,978,51,0.05214723926380368,0.8894811430505319,0.9060219557078495,0.906106563445227,0.9031452926370116,LGBM,0.906106563445227,0.0029612708082153993,0.18286365690896808,0.018148078466436013,0.10050586768770205,0.037586317375629744,0.013132294689001008,0.03814211685748044,0.044430364461055596,5,0,2,3,0,3,False
audit_income_1k,44000,1982,107,0.05398587285570131,0.9213433021806854,0.9209619937694704,0.9194866043613706,0.9208822429906541,CAT,0.9213433021806854,0.0004610591900312544,0.14321573963145104,0.022332069978335145,0.08277390480489309,0.03136899665955637,0.011271102609584683,0.03109913654406185,0.03686961790660145,5,3,1,1,0,3,False
audit_income_1k,45000,1155,92,0.07965367965367966,0.930937870669557,0.9298948832263078,0.9304163769479324,0.9309583214037385,CAT,0.930937870669557,-2.0450734181443053e-05,0.10266838543687898,0.03311020937128535,0.06788929740408217,0.021443916664991496,0.011010477263234624,0.02254939714310251,0.027501895535664313,5,3,0,1,1,3,False
audit_income_1k,46000,1958,91,0.04647599591419816,0.9019111579368676,0.9068023567220139,0.9066846383397,0.9066846383396999,XGB,0.9068023567220139,0.00011771838231400267,0.1593365077427003,0.02143934014447508,0.09038792394358769,0.03398485511589124,0.012274347327236963,0.03455013922631061,0.04040467083471941,5,0,2,2,1,2,False
audit_income_1k,47000,1903,100,0.05254860746190226,0.9249750415973378,0.9233444259567388,0.9229839156960621,0.9241375485302274,CAT,0.9249750415973378,0.0008374930671103398,0.14779343922476745,0.020247079711036682,0.08402025946790206,0.035259610290304055,0.014080178401447652,0.035343516034543526,0.04234165236314762,5,2,1,2,0,2,False
audit_income_1k,51000,5463,645,0.11806699615595827,0.9373386621873401,0.9374158919555542,0.9371568504413359,0.9374594945955252,XGB,0.9374158919555542,-4.360263997105207e-05,0.08410929405794877,0.03837711254651014,0.06124320330222946,0.019504673127801884,0.013229942916618146,0.01712537536389806,0.024929995704159044,5,1,3,0,1,3,False
audit_income_1k,52000,3990,397,0.09949874686716792,0.9203874592423976,0.9219662357747118,0.9211810538403459,0.9216770504640637,XGB,0.9219662357747118,0.00028918531064814346,0.10219787797777496,0.03765518353934877,0.06992653075856187,0.017363830114719852,0.008514102474074565,0.01742017419326921,0.02164905339103181,5,2,3,0,0,3,False
audit_income_1k,53000,4269,379,0.08877957367064887,0.9320828048375172,0.9322713676228201,0.9327312437682712,0.9325179236388548,LGBM,0.9327312437682712,0.00021332012941643885,0.09784404253040786,0.03405195686242405,0.06594799969641596,0.016952111029620198,0.009018398481962826,0.017735770443415608,0.021853139977499318,5,2,1,2,0,2,False
audit_income_1k,54000,4081,388,0.09507473658417055,0.9335480052816557,0.9324118351520431,0.9321005747848394,0.9328487162952479,CAT,0.9335480052816557,0.0006992889864078089,0.09542808239457491,0.0348205670006765,0.0651243246976257,0.017671314906442234,0.009183829593801648,0.01913863970743286,0.02299689210383837,5,2,2,1,0,2,False
audit_income_1k,55000,3343,419,0.12533652408016752,0.9389098204636798,0.9392558988406375,0.9392208012693892,0.9392469203921786,XGB,0.9392558988406375,8.978448458929478e-06,0.07431015227220364,0.043055351058951266,0.05868275166557745,0.022773850250759377,0.014151218426326762,0.019822942083184622,0.028374005380135382,5,3,1,1,0,1,False
audit_income_1k,56000,5398,483,0.08947758429047796,0.9240902801033721,0.9241818997491518,0.9244953021236803,0.9244778206740256,LGBM,0.9244953021236803,1.748144965463272e-05,0.10642699081438554,0.034250976732123156,0.07033898377325434,0.017113164524979203,0.009357395076357912,0.018779150723937675,0.022624855162637392,5,1,0,3,1,3,False
audit_income_1k,57000,4704,474,0.10076530612244898,0.9426541879881496,0.9458234830575256,0.9454494219509033,0.9454339607584963,XGB,0.9458234830575256,0.00038952229902933233,0.08328179162421348,0.033842656504374506,0.058562224064294,0.027105585509984844,0.010732967280067795,0.030195958278326027,0.03401725553418933,5,0,2,1,2,2,False
audit_income_1k,58000,4802,623,0.12973760932944606,0.9308932878102966,0.9313832020301768,0.9307972638550085,0.9313895396112258,XGB,0.9313832020301768,-6.337581049065122e-06,0.08022750895078949,0.04455782735917687,0.06239266815498318,0.01891036854429929,0.01212132236494909,0.020545755050921658,0.02578872298008502,5,2,2,1,0,2,False
audit_income_1k,59000,5259,464,0.08822970146415668,0.9565028226241415,0.9619031138758045,0.9624366257955486,0.9615282621984108,LGBM,0.9624366257955486,0.0009083635971377513,0.07106727954311405,0.028043798959990207,0.04955553925155213,0.041868610079165626,0.012148298680637477,0.046144395949524644,0.05008065235466388,5,0,1,4,0,4,True
audit_income_1k,61000,7930,939,0.11841109709962169,0.9387059187158173,0.9400959608954096,0.940060010215477,0.9401661865879896,XGB,0.9400959608954096,-7.022569257997269e-05,0.07843851003369501,0.039900765111928214,0.059169637572811615,0.025263089714557912,0.010248580510436988,0.025408879066586808,0.030460274645790854,5,1,2,1,1,2,False
audit_income_1k,62000,9038,230,0.025448107988493028,0.9314600363306085,0.9284321565375351,0.9282959167555187,0.930018165304269,CAT,0.9314600363306085,0.0014418710263395251,0.19447946007753023,0.01163411087816815,0.10305678547784919,0.02825212444727688,0.01571036180302034,0.032307001624767406,0.03813474393753231,5,2,1,1,1,2,False
audit_income_1k,63000,8615,209,0.024260011607661055,0.937095228174908,0.9417965294782604,0.9420748679173113,0.9419368370963096,LGBM,0.9420748679173113,0.00013803082100172226,0.17633971699342177,0.0114852592722402,0.09391248813283098,0.03192340171016427,0.015402065651216861,0.03543422135387713,0.04137984435762913,5,0,1,3,1,3,False
audit_income_1k,64000,8966,476,0.05308944902966763,0.940086087438509,0.9426134057863429,0.9427957755540377,0.9425482030267939,LGBM,0.9427957755540377,0.0002475725272438334,0.12316257647534504,0.021071080565122902,0.07211682852023397,0.029177444330227547,0.01124592045604287,0.0337210043532477,0.03707218456975906,5,1,2,2,0,2,False
audit_income_1k,65000,5967,394,0.06602983073571309,0.9488951899158469,0.9526114396733344,0.9527476110798894,0.9522040640105804,LGBM,0.9527476110798894,0.000543547069308925,0.10111432884202469,0.022117581937015976,0.06161595538952033,0.02490580901545506,0.009908230822202956,0.026867688337491428,0.030840864087574724,5,0,1,3,1,3,False
audit_income_1k,66000,6040,286,0.04735099337748344,0.9376365726730691,0.9395130417028227,0.938734015376351,0.9395662123764315,XGB,0.9395130417028227,-5.3170673608771146e-05,0.12926911795835813,0.019714912038083704,0.07449201499822092,0.029352917196927376,0.011113596019111523,0.03434940892159197,0.03740796106881543,5,2,2,1,0,2,False
audit_income_1k,67000,8480,1278,0.15070754716981133,0.9332076727078507,0.9336510593692675,0.9338471664322074,0.9338119106195072,LGBM,0.9338471664322074,3.525581270025224e-05,0.0706207869572211,0.04984422437377405,0.06023250566549758,0.01620651007802226,0.01022056841574926,0.01914191976649051,0.022784499130131017,5,1,1,1,2,1,False
audit_income_1k,68000,5981,1426,0.23842166861728809,0.9296943389429183,0.9296408397904373,0.929666704128903,0.9297997207267262,CAT,0.9296943389429183,-0.00010538178380792296,0.047932305408989,0.07815161551505588,0.06304196046202244,0.01570394814774614,0.01166221930752371,0.01633937742274613,0.021852772439007993,5,2,0,2,1,2,False
audit_income_1k,69000,7424,1331,0.17928340517241378,0.9508306819060387,0.9514208949857229,0.9513418546464191,0.9515581366357151,XGB,0.9514208949857229,-0.00013724164999218136,0.0503931170978965,0.05185160557658848,0.05112236133724249,0.020624136250189194,0.010439492172321225,0.02289321292561323,0.026978420674061827,5,2,0,2,1,0,False
audit_income_1k,70000,5436,699,0.12858719646799116,0.9316053000109025,0.9319393216220403,0.9314521816050735,0.9318678965668559,XGB,0.9319393216220403,7.142505518442643e-05,0.07358569890216542,0.04872938021534727,0.061157539558756344,0.014988881121333286,0.008298486077166914,0.016750971633609932,0.020019169416055065,5,2,2,1,0,2,False
audit_income_1k,71000,8450,1255,0.14852071005917158,0.9310918106586856,0.9314904938965474,0.9313495150738256,0.9315592667550783,XGB,0.9314904938965474,-6.877285853090775e-05,0.07111347177147402,0.05103480954304728,0.06107414065726065,0.015721390900007993,0.008456613608401125,0.017398852354269263,0.02078842843133919,5,1,2,1,1,2,False
audit_income_1k,72000,12775,1379,0.10794520547945205,0.9330610641343057,0.9332911615362666,0.9334127008166166,0.9334602983986596,LGBM,0.9334127008166166,-4.75975820429797e-05,0.08736191266623919,0.03905977105353706,0.06321084185988812,0.015348320688579428,0.009457026262408567,0.018253614457981182,0.02152948070448459,5,1,1,2,1,2,False
audit_income_1k,73000,9646,925,0.09589467136636948,0.9230436628579044,0.9241240001611518,0.9243501086225545,0.9241843081471566,LGBM,0.9243501086225545,0.00016580047539793696,0.1005754517849407,0.03716129745981799,0.06886837462237935,0.014438491692063264,0.008979745973211831,0.016607763093283594,0.020013000379279344,5,0,1,3,1,3,False
audit_income_1k,74000,9281,1444,0.15558668246956148,0.9387328098087168,0.9389487752005279,0.9387066536074172,0.9389994970233182,XGB,0.9389487752005279,-5.072182279031168e-05,0.06332168940345714,0.05130726479646777,0.05731447709996246,0.01562292134380529,0.009542529711860608,0.01824394420500114,0.02170469763033352,5,2,0,1,2,0,False
audit_income_1k,75000,8808,1043,0.11841507720254314,0.9413180440047684,0.9420419699230574,0.9417876142362631,0.942014188355325,XGB,0.9420419699230574,2.778156773242113e-05,0.07368332203363423,0.04112861996932065,0.05740597100147744,0.01715866007038996,0.008567710063607497,0.01905241007043241,0.022389390102214933,5,0,3,1,1,3,False
audit_income_1k,76000,6730,655,0.09732540861812779,0.9315124556278077,0.9314505073351553,0.931227845317752,0.9314806647190023,CAT,0.9315124556278077,3.179090880545132e-05,0.09327313089026323,0.036972235234384726,0.06512268306232398,0.016208106727572957,0.010503370419085584,0.019185161571799232,0.022948319359228884,5,2,1,2,0,2,False
audit_income_1k,77000,7992,1118,0.1398898898898899,0.9413946956278696,0.9412513018644312,0.9413536423317127,0.941525142313756,CAT,0.9413946956278696,-0.000130446685886354,0.06513613892428603,0.047711425317020224,0.05642378212065313,0.015518984097420235,0.008888335349175231,0.016379776900272962,0.020393548173434212,5,1,1,1,2,1,False
audit_income_1k,78000,10435,2059,0.19731672256827984,0.9272891614747935,0.9272741146679173,0.9275060790259456,0.9274512263118613,LGBM,0.9275060790259456,5.4852714084341336e-05,0.058311814866383996,0.0664461139844122,0.0623789644253981,0.013311769389558584,0.009609993517359363,0.01575599624552811,0.01933887957622303,5,3,0,1,1,1,False
audit_income_1k,79000,6869,1238,0.1802300189256078,0.9311309365504654,0.9316772574161785,0.9311809281013911,0.9316467747631747,XGB,0.9316772574161785,3.0482653003760518e-05,0.06171810891829368,0.059448625970151776,0.06058336744422273,0.014814109918795452,0.009311011519720256,0.0163247700612116,0.020224945749863655,5,1,3,0,1,3,False
audit_income_1k,80000,7158,1091,0.1524168762224085,0.926786236853758,0.9265985979658555,0.9265948210156157,0.9267630463792871,CAT,0.926786236853758,2.319047447096878e-05,0.06967180814281863,0.05580855094714405,0.06274017954498134,0.01241847083484606,0.008240687997074954,0.013907183502447223,0.01728317116718412,5,2,1,1,1,2,False
audit_income_1k,81000,15630,2459,0.15732565579014715,0.9311481665034297,0.9313827015116857,0.9314063217435598,0.9314556000312343,LGBM,0.9314063217435598,-4.927828767453679e-05,0.0677076428151244,0.053919708997865426,0.06081367590649491,0.013113064271228951,0.007991044779932422,0.014545108044395082,0.017824608547778228,5,0,1,2,2,2,False
audit_income_1k,82000,13113,2049,0.15625714939373142,0.9276207915117933,0.927481467248366,0.9272349314534328,0.9276200857374655,CAT,0.9276207915117933,7.057743278693351e-07,0.06964410121146547,0.055360698112942475,0.06250239966220397,0.012810239205487841,0.007981892796133113,0.0140382929006268,0.01741521245112388,5,2,0,1,2,2,False
audit_income_1k,83000,10773,1553,0.14415668801633713,0.9280113851435818,0.9278326323831979,0.9280453617866475,0.9280270989045063,LGBM,0.9280453617866475,1.8262882141240055e-05,0.07101689107154582,0.05326148902912242,0.06213919005033412,0.01378074207247707,0.008507893648382402,0.01419343367045918,0.01824103469565933,5,2,1,1,1,1,False
audit_income_1k,84000,14429,2163,0.1499064384226211,0.9335722656940516,0.9350080007212598,0.9350380029548432,0.9349005618182077,LGBM,0.9350380029548432,0.00013744113663549662,0.06539244138825437,0.0531194232189249,0.05925593230358964,0.01668378581601262,0.008391140369826206,0.0182344665368227,0.021654696361330765,5,0,3,2,0,2,False
audit_income_1k,85000,7649,1485,0.19414302523205648,0.9310658499334682,0.9309740821583781,0.9307934416630069,0.9310714215483844,CAT,0.9310658499334682,-5.571614916211054e-06,0.05886273956128963,0.0629594219465523,0.06091108075392096,0.012975561891288127,0.009850410868907443,0.01656897578805478,0.019697474274125173,5,2,2,1,0,2,False
audit_income_1k,86000,12295,2216,0.1802358682391216,0.9401211476268885,0.9401460636065336,0.9399369081727279,0.940237489357541,XGB,0.9401460636065336,-9.142575100740125e-05,0.055434655997011674,0.05778695066525039,0.056610803331131034,0.013069392997945347,0.007850945785534497,0.014342335445678887,0.017631337114579364,5,3,2,0,0,2,False
audit_income_1k,87000,11455,1987,0.17346137058053251,0.9353800601671743,0.9353830102680522,0.9353143340458226,0.9354964429756661,XGB,0.9353830102680522,-0.00011343270761399182,0.060448809693692145,0.05705891068282387,0.05875386018825801,0.01356126264250974,0.007469791948133506,0.014617747618406014,0.01782440110452463,5,1,1,0,3,1,False
audit_income_1k,88000,7185,1173,0.16325678496868476,0.9308838276842166,0.9313518458961589,0.9313498606651432,0.9313576597869904,XGB,0.9313518458961589,-5.813890831429802e-06,0.0635800716210406,0.057704714480303905,0.06064239305067225,0.013960319079259296,0.008589587991831644,0.016603411024930848,0.019576659048010894,5,1,2,2,0,2,False
audit_income_1k,89000,5157,903,0.17510180337405468,0.9310531004367721,0.9312829668227052,0.9316182645634543,0.9314418948279282,LGBM,0.9316182645634543,0.00017636973552614954,0.057389107061524246,0.06356973641816804,0.06047942173984615,0.014762613087050507,0.008236397640075038,0.015471651647398093,0.01923533118726182,5,1,0,4,0,4,True
audit_income_1k,90000,10885,1944,0.17859439595774002,0.9479081373871604,0.9487778074648485,0.9489184470854432,0.9488804752508788,LGBM,0.9489184470854432,3.797183456433206e-05,0.05050976180086933,0.054436105467653546,0.052472933634261434,0.023080328016723935,0.00849148441900021,0.023547200385814586,0.027559506410769364,5,0,0,3,2,3,False
audit_income_1k,91000,15454,3013,0.19496570467192958,0.9332052465199633,0.9334827461622845,0.933482412693189,0.9335294451743861,XGB,0.9334827461622845,-4.6699012101525383e-05,0.05470486535192957,0.06588863933092982,0.0602967523414297,0.013224387157809466,0.007726055510584504,0.014663400765768476,0.01780692171708122,5,1,1,1,2,1,False
audit_income_1k,92000,13074,3061,0.23412880526235277,0.9369549249484327,0.9370358390348672,0.9366800128144424,0.9370148764136842,XGB,0.9370358390348672,2.096262118300718e-05,0.04607836445747511,0.0727139857636515,0.059396175110563304,0.012690455826763909,0.007783804175940855,0.014750319419147348,0.017612289710926054,5,3,2,0,0,2,False
audit_income_1k,93000,13859,2242,0.16177213363157514,0.9317118042808007,0.9321279443972148,0.9320795287781902,0.9321715606884218,XGB,0.9321279443972148,-4.3616291206971525e-05,0.06336779608355102,0.05729423041498683,0.06033101324926893,0.014357510209959993,0.008063543846534963,0.015343536826938352,0.018882295441716653,5,1,1,1,2,1,False
audit_income_1k,94000,14255,2687,0.18849526481936163,0.9331873510128426,0.9330840155021283,0.9328846474573287,0.9331683697079478,CAT,0.9331873510128426,1.8981304894749584e-05,0.05692635641524436,0.06306289199585978,0.05999462420555207,0.013891573739738983,0.0077491672412399815,0.014809288970411508,0.018225014975695234,5,2,1,0,2,2,False
audit_income_1k,95000,11152,2289,0.20525466284074606,0.9386756769852351,0.9388706008609183,0.9389274341467099,0.938970983329708,LGBM,0.9389274341467099,-4.354918299809274e-05,0.04954102325540423,0.06590118930540959,0.05772110628040691,0.01453950646817084,0.0077894716737941004,0.01623318625375959,0.019281082197862266,5,0,0,3,2,3,False
audit_income_1k,96000,12779,2229,0.17442679395883873,0.9442790106289561,0.9441252001301244,0.9437762454844478,0.9441897307997338,CAT,0.9442790106289561,8.927982922235511e-05,0.05497285854220122,0.05492052493207387,0.054946691737137544,0.015157438202042824,0.008880270465108366,0.017383434492459195,0.020710571579805194,5,2,2,0,1,2,False
audit_income_1k,97000,5911,1110,0.18778548468956183,0.9338864275648279,0.9342509349591208,0.9342914670554746,0.934351326957034,LGBM,0.9342914670554746,-5.985990155943366e-05,0.05508908795728899,0.06362290751562645,0.05935599773645772,0.014427502124385204,0.00922920582434545,0.01677453367956888,0.020215620814149765,5,1,0,3,1,3,False
audit_income_1k,98000,3217,870,0.27043829654958035,0.9396326442658518,0.9396162378972421,0.9399321217107679,0.9397834849085897,LGBM,0.9399321217107679,0.00014863680217824804,0.039053718656955685,0.07960865653272953,0.059331187594842606,0.014257273923992874,0.010232895283084633,0.016903160875989174,0.02069666504153334,5,0,0,4,1,4,True
audit_income_1k,99000,5299,963,0.18173240234006416,0.9445270679342308,0.9445718522605787,0.9445912508190503,0.944740452077418,LGBM,0.9445912508190503,-0.00014920125836770382,0.04955453725564924,0.05987052798408854,0.05471253261986889,0.0172617191216733,0.009919497670142129,0.020424081232057013,0.02380264901193622,5,2,0,1,2,1,False
audit_income_1k,100000,5151,1873,0.36361871481265773,0.9367255110759591,0.9368398490217916,0.9362873784915012,0.9368819520972869,XGB,0.9368398490217916,-4.210307549523673e-05,0.027817271369090575,0.10635633587095969,0.06708680362002513,0.014714650987421756,0.010887958568419467,0.01759039901657159,0.02159650428620641,5,3,0,0,2,0,False
audit_income_1k,101000,6025,1011,0.16780082987551867,0.9233260619030316,0.923682926184527,0.923752563050955,0.923774361560134,LGBM,0.923752563050955,-2.1798509179049574e-05,0.0620364548831891,0.06568212589298555,0.06385929038808733,0.01369313110507271,0.015068664623848106,0.017934566282795536,0.023348181005858178,5,0,2,2,1,2,False
audit_income_1k,102000,6855,1659,0.24201312910284464,0.9367271898771299,0.936405850283127,0.9364703502160747,0.9365500470756706,CAT,0.9367271898771299,0.00017714280145930683,0.04450714259271998,0.07399243286179066,0.059249787727255324,0.012386321236230066,0.007216113245404668,0.014061425494149122,0.016831929987891927,5,3,0,2,0,3,False
audit_income_1k,103000,6227,1265,0.20314758310582945,0.937596882552458,0.9381721637807018,0.9386212686775222,0.9382356502302878,LGBM,0.9386212686775222,0.00038561844723439265,0.04942619615590829,0.06623385624632236,0.057830026201115325,0.014100483559643504,0.007520331141272673,0.015537327935472951,0.018579071318194564,5,0,1,4,0,4,True
audit_income_1k,104000,7814,1779,0.22766828768876377,0.9365216860798424,0.9371164925604947,0.9368327812325795,0.9370233037280655,XGB,0.9371164925604947,9.318883242914744e-05,0.045349432119626776,0.0726142972684516,0.05898186469403919,0.012324816376987277,0.006737038322968595,0.013209484076216632,0.016135669388086256,5,0,4,1,0,4,True
audit_income_1k,105000,5403,1275,0.2359800111049417,0.9353849369205047,0.9358462532299742,0.9357105943152455,0.9358672480620156,XGB,0.9358462532299742,-2.0994832041432154e-05,0.046210062706186904,0.07380720766635926,0.060008635186273085,0.013193493176053752,0.007338793332892484,0.014223517421852813,0.017377901965399522,5,0,3,2,0,3,False
audit_income_1k,106000,6504,1412,0.21709717097170972,0.937496244734283,0.9373225289238909,0.9371687021134079,0.9374632123043647,CAT,0.937496244734283,3.3032429918256057e-05,0.04798115073422347,0.06891933993771156,0.058450245335967516,0.012538553370772955,0.006893077621600472,0.013391639924639546,0.016411635458506487,5,3,1,1,0,3,False
audit_income_1k,107000,7742,1822,0.23533970550245414,0.9328343797282463,0.9332439756578752,0.9330895659655264,0.9332907482125373,XGB,0.9332439756578752,-4.677255466212227e-05,0.04583656737871376,0.07720194234408584,0.0615192548613998,0.013907903992424918,0.007280805950786131,0.014810876581636677,0.017999793262423864,5,2,2,1,0,2,False
audit_income_1k,108000,3526,772,0.2189449801474759,0.9382770139335719,0.9388195596795617,0.9389352651442462,0.9388966966560179,LGBM,0.9389352651442462,3.856848822825221e-05,0.04299570090308693,0.07370983561467549,0.05835276825888121,0.01401974750283303,0.007862882230027688,0.01578687622931375,0.018834752981087236,5,0,2,3,0,3,False
audit_income_1k,109000,4516,1454,0.32196634189548273,0.933062310597042,0.9324510326251508,0.9321779060354688,0.9327715520687991,CAT,0.933062310597042,0.00029075852824289594,0.03346844611037203,0.09823222334433547,0.06585033472735374,0.015180396065274413,0.008196900395581515,0.01733055122981882,0.020353923845337372,5,3,1,1,0,3,False
audit_income_1k,110000,4266,1520,0.356305672761369,0.941626935830107,0.9417734407942655,0.9420999923333462,0.9419877477287537,LGBM,0.9420999923333462,0.00011224460459247076,0.026975024709527156,0.10130383854458762,0.06413943162705739,0.013383690229605673,0.007648958673941668,0.014966565813208382,0.017999607358377866,5,1,1,2,1,2,False
audit_income_1k,111000,5127,1754,0.3421103959430466,0.9284637950915462,0.9287557878802118,0.9283967761967817,0.9287412516256096,XGB,0.9287557878802118,1.453625460223762e-05,0.029524889981182842,0.11241778966250718,0.070971339821845,0.012268203386271244,0.007378510474828297,0.01405882342225697,0.01685276864167826,5,2,1,1,1,1,False
audit_income_1k,112000,3688,1193,0.32348156182212584,0.9294315370052763,0.928889295775121,0.9291851095317206,0.9291997238399684,CAT,0.9294315370052763,0.00023181316530784812,0.03257226392032887,0.10544744770027127,0.06900985581030007,0.012439067001327296,0.007033944898756001,0.013882175394547686,0.01667759364731549,5,3,0,2,0,3,False
audit_income_1k,113000,6022,1851,0.30737296579209566,0.9385123102443474,0.9390512635092892,0.9386437132934421,0.93902270326057,XGB,0.9390512635092892,2.8560248719222692e-05,0.03475505485004593,0.09029045162404017,0.06252275323704305,0.011861939187666905,0.006928251827849443,0.013332531750690393,0.016061361383103368,5,2,3,0,0,3,False
audit_income_1k,114000,5482,1730,0.31557825611090845,0.9409106665269853,0.9407916548553681,0.9405041781184909,0.940884245165584,CAT,0.9409106665269853,2.6421361401296473e-05,0.03248707495698565,0.09101594293129382,0.061751508944139735,0.011918440336092198,0.006728242481705416,0.013109433313482313,0.015878058065639963,5,3,2,0,0,3,False
audit_income_1k,115000,3689,983,0.2664678774735701,0.9299961879670586,0.9303988198487367,0.929849195375335,0.9303157370795017,XGB,0.9303988198487367,8.308276923507663e-05,0.0412709335945871,0.08863375243502476,0.06495234301480593,0.01353458439339195,0.007578515914134263,0.014745483660221034,0.017929291983873625,5,1,4,0,0,4,True
audit_income_1k,116000,2786,781,0.2803302225412778,0.9375396336303927,0.937370083114876,0.9373863676276658,0.9375789080435915,CAT,0.9375396336303927,-3.927441319873104e-05,0.037804651457945745,0.0843757137098425,0.06109018258389412,0.01238811742562616,0.006785740951118549,0.013105686272519443,0.01613977232463208,5,1,2,1,1,1,False
audit_income_1k,117000,3279,882,0.2689844464775846,0.9298272500489557,0.9295358805460718,0.929610141929112,0.9297510966561565,CAT,0.9298272500489557,7.61533927992053e-05,0.0427127178808815,0.08624470406668655,0.06447871097378402,0.012533335261679376,0.006693555919744474,0.013380252710797647,0.016303571946110745,5,2,1,2,0,2,False
audit_income_1k,118000,2445,682,0.2789366053169734,0.9276439120866691,0.928442753703947,0.9280959375098764,0.9283770499165811,XGB,0.928442753703947,6.570378736592275e-05,0.04238146163744578,0.0878392050972148,0.06511033336733028,0.012186415085810956,0.0073312063041952,0.013622230859929875,0.016569926124968014,5,1,2,2,0,2,False
audit_income_1k,119000,4643,771,0.16605642903295284,0.9319659050712287,0.9315669517959934,0.9308795864552851,0.9316485178098638,CAT,0.9319659050712287,0.0003173872613648765,0.060734641888508585,0.06006219746219797,0.06039841967535328,0.01439101321787082,0.014015979831448127,0.02080623904904278,0.024606616049180862,5,3,0,0,2,3,False
audit_income_1k,120000,3697,1125,0.30430078441979985,0.9334674269915326,0.9330205633316054,0.9329704510108865,0.933196820459651,CAT,0.9334674269915326,0.0002706065318816009,0.03720940355234394,0.09182547987087891,0.06451744171161143,0.012070082775136869,0.006902853867293674,0.013361219355476954,0.016167077998953748,5,3,1,1,0,3,False
audit_income_1k,121000,9580,2768,0.2889352818371608,0.9333878564349212,0.9333513686320298,0.9331873061055125,0.9334382393022853,CAT,0.9333878564349212,-5.038286736414044e-05,0.0364554297979651,0.09094194160615866,0.06369868570206189,0.011674396965867258,0.006775635439867119,0.012513739751941155,0.015481886078837765,5,2,2,1,0,2,False
audit_income_1k,122000,6545,1865,0.2849503437738732,0.9348300909695011,0.9348066038816707,0.9345575261795102,0.9348135354368597,CAT,0.9348300909695011,1.6555532641349124e-05,0.03541632267199294,0.09099317320326662,0.06320474793762978,0.012046516731109957,0.006973585904669393,0.012574658682905096,0.015797380659342223,5,3,1,1,0,3,False
audit_income_1k,123000,5968,1591,0.26658847184986595,0.931861480365553,0.9319202844076523,0.9314847467771579,0.9319412499513556,XGB,0.9319202844076523,-2.0965543703344025e-05,0.03938435151232385,0.08821185886340638,0.0637981051878651,0.011925579315946832,0.0069251938093045995,0.0124934952018857,0.015672134163568566,5,2,1,1,1,1,False
audit_income_1k,124000,2563,949,0.370269215762778,0.9548350641058285,0.955357037930751,0.9552519250029052,0.955338104546232,XGB,0.955357037930751,1.8933384518970975e-05,0.023894396922820152,0.0935467547110481,0.05872057581693413,0.010746505550937634,0.007216835833457727,0.011762738654791743,0.014863040019593552,5,1,1,1,2,1,False
audit_income_1k,125000,2782,789,0.28360891445003594,0.9279830484007079,0.9286107205383608,0.928591006418536,0.928620895567948,XGB,0.9286107205383608,-1.0175029587222717e-05,0.04016094675087814,0.09170421860355944,0.0659325826772188,0.012509674697972054,0.007282751279423822,0.013477577238288617,0.016635001607842245,5,2,1,2,0,1,False
audit_income_1k,126000,2909,795,0.2732897903059471,0.9320296555458369,0.9319719390942682,0.931583989337332,0.9319442708984131,CAT,0.9320296555458369,8.538464742380292e-05,0.03897694599538685,0.09038378964906851,0.06468036782222768,0.013706689293377306,0.007142618875822096,0.014483159863407407,0.017666234016303406,5,3,1,1,0,3,False
audit_income_1k,127000,1486,545,0.3667563930013459,0.952741081613353,0.9526250621532821,0.9523520751884098,0.9528727003285593,CAT,0.952741081613353,-0.0001316187152062831,0.024844819866567974,0.09306165194510438,0.05895323590583618,0.013497856292855033,0.008057292075885441,0.014879629635873063,0.01821738900230677,5,2,2,0,1,2,False
audit_income_1k,128000,1136,604,0.5316901408450704,0.971291017278295,0.9711447492904448,0.9716769157994324,0.9715462082358213,LGBM,0.9716769157994324,0.0001307075636111099,0.01333711950733275,0.10534740545521144,0.0593422624812721,0.010285021221072931,0.007864371309324244,0.011009366940202376,0.014579379735299772,5,3,0,2,0,2,False
audit_income_1k,129000,2366,887,0.37489433643279796,0.9392128658795477,0.9389247282320773,0.9396344005860323,0.9395246338631863,LGBM,0.9396344005860323,0.00010976672284601641,0.027792626249491643,0.10800869502984091,0.06790066063966628,0.01353253396822989,0.008770226356386841,0.015607621269361742,0.018955190796989235,5,2,1,2,0,2,False
audit_income_1k,130000,1339,293,0.21882001493651979,0.9331077597739479,0.9337962268091021,0.9347391982458774,0.9339822107949021,LGBM,0.9347391982458774,0.0007569874509752994,0.046867713281885555,0.07457035045704233,0.06071903186946394,0.0193709873697654,0.011186887953099198,0.025422284938387843,0.027990080130626222,5,0,1,3,1,3,False
audit_income_1k,131000,4619,1403,0.3037453994371076,0.9414954140558789,0.9419851029953582,0.9416850175352746,0.94193590139112,XGB,0.9419851029953582,4.9201604238158225e-05,0.03189552529014684,0.08900680715570283,0.06045116622292483,0.01481158570980844,0.007540494952437657,0.01676947235701038,0.019560776509628237,5,1,2,2,0,2,False
audit_income_1k,132000,4443,1397,0.31442718883637183,0.9414070155962195,0.9411796500427001,0.9409524019907588,0.9414300459055165,CAT,0.9414070155962195,-2.3030309296956375e-05,0.02999219795195376,0.0941424187401542,0.06206730834605398,0.012046756996476997,0.007281580787719802,0.01298528323066665,0.016156810507431726,5,2,0,1,2,2,False
audit_income_1k,133000,3674,1144,0.31137724550898205,0.9424137621272008,0.9429444567290419,0.942602061969651,0.9428169656430525,XGB,0.9429444567290419,0.00012749108598941739,0.03174865006452508,0.08946225983358926,0.06060545494905717,0.01241579773176447,0.00675315867252961,0.013620769185846102,0.01639486279507009,5,1,2,1,1,2,False
audit_income_1k,134000,3035,1110,0.3657331136738056,0.9422882882882883,0.9426409266409267,0.9422211302211302,0.9426575406575406,XGB,0.9426409266409267,-1.6614016613902827e-05,0.026093529467324055,0.10112921921671782,0.06361137434202094,0.015369625757664545,0.007992203255420627,0.015595909334258204,0.019478869173671687,5,1,2,1,1,2,False
audit_income_1k,136000,1551,551,0.3552546744036106,0.94919056261343,0.950382940108893,0.9509001814882033,0.9506569872958257,LGBM,0.9509001814882033,0.00024319419237761597,0.02568972643440205,0.09293750588718862,0.059313616160795335,0.015733764539824755,0.009348093210524084,0.017968311167160383,0.02152508445875461,5,1,2,2,0,2,False
audit_income_1k,137000,2125,715,0.33647058823529413,0.9342449040321381,0.9344601497792987,0.9342062193126022,0.9344631255269553,XGB,0.9344601497792987,-2.975747656619454e-06,0.027139849166680795,0.11081742327250983,0.06897863621959531,0.012606184139512401,0.007193181849171815,0.0130190795443599,0.016409222766522062,5,3,1,1,0,1,False
audit_income_1k,138000,1378,662,0.48040638606676345,0.9574349356107276,0.957089993080052,0.9569612989248762,0.9573157352866715,CAT,0.9574349356107276,0.00011920032405610126,0.01784784918747121,0.1132710279613773,0.06555943857442426,0.011747762858769878,0.008697556794842727,0.012476466088979558,0.016460892871296085,5,3,0,1,1,3,False
audit_income_1k,139000,1288,439,0.3408385093167702,0.9378741169431544,0.9375038568757026,0.9365782067070734,0.9375441025352084,CAT,0.9378741169431544,0.0003300144079459999,0.027842611713651832,0.10320010300833914,0.06552135736099549,0.0129987416291096,0.008173456585623722,0.014054565152136593,0.01761338168343496,5,3,2,0,0,3,False
audit_income_1k,140000,1034,384,0.3713733075435203,0.9408012820512821,0.9425120192307692,0.9425921474358974,0.9426081730769232,LGBM,0.9425921474358974,-1.6025641025874116e-05,0.02707949516899021,0.10812920789894391,0.06760435153396706,0.015399106169585485,0.007763367844537836,0.014517388142582261,0.018839931078352794,5,0,2,2,1,2,False
audit_income_1k,141000,1122,390,0.34759358288770054,0.935990262014852,0.9371479613282891,0.9368011769651114,0.9370078464340761,XGB,0.9371479613282891,0.00014011489421306145,0.02849134952341049,0.09941595111442346,0.06395365031891698,0.014300235978483372,0.00738589420458166,0.013987403639942213,0.017836766911503626,5,1,2,2,0,2,False
audit_income_1k,142000,1846,679,0.3678223185265439,0.9462924331739426,0.9464508141793276,0.9459447521621216,0.9466312801854635,XGB,0.9464508141793276,-0.00018046600613585984,0.02438754973926682,0.1006822347689859,0.06253489225412635,0.012540264430608688,0.006987337012019365,0.012798083573308078,0.016162842507968067,5,2,2,1,0,2,False
audit_income_1k,143000,1411,527,0.37349397590361444,0.9310759700172581,0.930462062215048,0.9311650510445019,0.9308924416358282,LGBM,0.9311650510445019,0.0002726094086736852,0.028934761442255617,0.114160070464538,0.07154741595339681,0.012835041491831282,0.007437964799733209,0.012718934879304531,0.016495970585434512,5,2,0,2,1,2,False
audit_income_1k,144000,856,312,0.3644859813084112,0.9301500047134239,0.9287860576923077,0.9285268193815988,0.9290806466817496,CAT,0.9301500047134239,0.0010693580316742946,0.03127943287154157,0.11214611857339378,0.07171277572246768,0.012828663487737561,0.0066805495270916065,0.013237144964045041,0.016373178989437104,5,4,0,1,0,4,True
audit_income_1k,145000,610,219,0.3590163934426229,0.949771689497717,0.9505424564107954,0.950110359808009,0.9503672821123684,XGB,0.9505424564107954,0.00017517429842694998,0.01724770536539733,0.10992402003399473,0.06358586269969603,0.012221580974961977,0.0063637578326180355,0.013120893073830863,0.015853115940705435,5,1,3,1,0,3,False
audit_income_1k,146000,1564,550,0.3516624040920716,0.9465554957862651,0.9463941187018109,0.9455316478393402,0.9465967365967367,CAT,0.9465554957862651,-4.1240810471632194e-05,0.024362956381307997,0.10361614960999599,0.063989552995652,0.01267690204111896,0.007967680018530644,0.014009073658486181,0.017326827859067893,5,3,2,0,0,3,False
audit_income_1k,147000,1589,623,0.3920704845814978,0.9311137254120017,0.9315374415520972,0.9312815502361179,0.9316263388599212,XGB,0.9315374415520972,-8.889730782402072e-05,0.02970589588752915,0.11121238154063443,0.07045913871408178,0.013103164422604226,0.007647684310458132,0.01315156214464261,0.016951205438852486,5,4,1,0,0,1,False
audit_income_1k,148000,636,271,0.4261006289308176,0.9227922964161148,0.9241368852044685,0.9191831370368498,0.9229641611484609,XGB,0.9241368852044685,0.0011727240560075458,0.027398677434225447,0.12474352972310301,0.07607110357866423,0.01421460634013695,0.008457027418802703,0.015000359535499887,0.01883599664721977,5,3,2,0,0,2,False
audit_income_1k,149000,634,228,0.35962145110410093,0.9279124535476622,0.9285498228329443,0.9285174142252182,0.9287874859562699,XGB,0.9285498228329443,-0.00023766312332562656,0.029018721829851588,0.11485503732641046,0.07193687957813102,0.014082602462211003,0.007423342772940319,0.014710569893243425,0.018108257564197372,5,0,2,1,2,2,False
audit_income_1k,151000,1120,406,0.3625,0.9370851788991459,0.9374301444715818,0.9374853389631715,0.9377112914131169,LGBM,0.9374853389631715,-0.000225952449945388,0.026877478658984134,0.1085514708370953,0.06771447474803972,0.01598022338753871,0.01103225870631354,0.016601823756504163,0.021807152925178208,5,2,2,1,0,1,False
audit_income_1k,152000,794,281,0.353904282115869,0.9281735378382691,0.9278683065909138,0.9247258121579156,0.9279792997717703,CAT,0.9281735378382691,0.00019423806649876418,0.028536529341256108,0.11672517090353121,0.07263085012239366,0.01341433335692132,0.009682652571335557,0.014785758404547608,0.01894137216640224,5,1,3,0,1,1,False
audit_income_1k,153000,594,183,0.30808080808080807,0.933841224256445,0.9354499886987622,0.935769082472445,0.9352106683685,LGBM,0.935769082472445,0.0005584141039449708,0.03199898593138216,0.09784988256041853,0.06492443424590034,0.01733576080446337,0.013724454382332394,0.01697636083315011,0.024018288009972938,5,1,3,1,0,1,False
audit_income_1k,154000,553,189,0.34177215189873417,0.9403599046456189,0.9390952962381534,0.9416099773242631,0.9398511541368684,LGBM,0.9416099773242631,0.0017588231873947313,0.028590781161058364,0.09727714056296251,0.06293396086201043,0.014385110739058765,0.009685287068107383,0.014917597341029936,0.019493997574098046,4,2,1,1,0,1,False
audit_income_1k,155000,506,191,0.3774703557312253,0.9239923543588465,0.922828887226793,0.9250560957367241,0.9235602094240837,LGBM,0.9250560957367241,0.0014958863126404154,0.030801129294609424,0.11670770878162619,0.0737544190381178,0.014999709319930107,0.008756826511346467,0.014726496654341854,0.019241516242809214,3,1,1,1,0,1,False
audit_income_10k,30000,62178,2728,0.043874039049181385,0.9167991781950382,0.9168832978993657,0.9161890706352709,0.9168615226575969,XGB,0.9168832978993657,2.1775241768828835e-05,0.16062432621741987,0.01934357437259143,0.08998395029500565,0.014592578453217622,0.007530784417835686,0.015392617552556965,0.018757990211805135,5,3,1,0,1,1,False
audit_income_10k,40000,12598,527,0.04183203683124306,0.9300852310106381,0.9383216035043765,0.9383726927506875,0.9377418584570073,LGBM,0.9383726927506875,0.0006308342936801603,0.14445388857051653,0.017264397952455227,0.08085914326148588,0.040266413922283514,0.01734718365142302,0.03841015853281108,0.0480118780532588,5,0,3,2,0,2,False
audit_income_10k,50000,42425,4286,0.10102533883323513,0.9377461317816058,0.939307444266819,0.9391106055229833,0.9392653554255215,XGB,0.939307444266819,4.2088841297527324e-05,0.08794555434513587,0.03529583446124632,0.061620694403191095,0.02320645915723835,0.0118492917891114,0.023839522633733908,0.029447636790041823,5,0,3,1,1,3,False
audit_income_10k,60000,71582,6611,0.09235562012796512,0.952253577612246,0.9534433326793292,0.9532757410651276,0.953511098505508,XGB,0.9534433326793292,-6.776582617873395e-05,0.07921710105058631,0.029953381548760098,0.0545852412996732,0.026909017593265902,0.012851589267794358,0.02885970580531119,0.034310156333185717,5,0,2,1,2,2,False
audit_income_10k,70000,86422,11815,0.13671287403670362,0.9351524567376018,0.9354512258425147,0.935322084194589,0.9355398981309544,XGB,0.9354512258425147,-8.86722884396729e-05,0.07218481211633572,0.047349131493514614,0.05976697180492517,0.01526900931737439,0.009187366451552043,0.01741656807869668,0.02093647192381156,5,0,0,0,5,0,False
audit_income_10k,80000,104844,17079,0.1628991644729312,0.9323199654961146,0.9325508679080605,0.9325078537998795,0.9326425097639184,XGB,0.9325508679080605,-9.164185585786022e-05,0.06403810649292699,0.05619561584843278,0.06011686117067988,0.013760804309672348,0.008230472585801878,0.015228215219545775,0.01860974605751,5,0,1,0,4,1,False
audit_income_10k,90000,105885,20408,0.19273740378712753,0.9383551370106153,0.938549461225106,0.9384251203728735,0.938614254020903,XGB,0.938549461225106,-6.479279579707509e-05,0.05281629138186924,0.06253149986246487,0.05767389562216706,0.015082184733920506,0.008274981357490569,0.0166638521502119,0.02001050912081149,5,0,2,0,3,2,False
audit_income_10k,100000,59763,14322,0.23964660408614025,0.9367804724087349,0.9369829052375579,0.9367397490596591,0.9370321119134364,XGB,0.9369829052375579,-4.920667587848815e-05,0.043562070583254134,0.07582895389893213,0.05969551224109313,0.013483473492012722,0.008389892685160744,0.015186132234156952,0.018529749205665205,5,0,2,1,2,2,False
audit_income_10k,110000,41427,12147,0.2932145702078355,0.9364166099839805,0.9364357375789565,0.9362147397702371,0.9365289280201862,XGB,0.9364357375789565,-9.319044122968467e-05,0.03586725899903671,0.09022255333588171,0.06304490616745921,0.012667852141015259,0.00788902915043766,0.014579161949961427,0.017568021620707173,5,2,1,0,2,1,False
audit_income_10k,120000,39032,11918,0.3053392088542734,0.9380476193057963,0.9380925805945258,0.9379727333380098,0.9381954756905586,XGB,0.9380925805945258,-0.00010289509603278457,0.03382100200889979,0.09204860929836164,0.06293480565363072,0.012104367445526079,0.007137599268880607,0.013001122379671852,0.016121544547039273,5,2,1,0,2,1,False
audit_income_10k,130000,23922,7857,0.32844243792325056,0.9426543940727621,0.9428618923988358,0.942586216956767,0.9429332464392995,XGB,0.9428618923988358,-7.135404046376692e-05,0.029077465222428076,0.09503121826726545,0.06205434174484676,0.013807634877559608,0.007810474514731383,0.015210331192021165,0.018414220292156076,5,0,3,0,2,3,False
audit_income_10k,140000,11302,4183,0.37011148469297467,0.9376183582018832,0.9378974495829698,0.9373694561062732,0.9379612198311569,XGB,0.9378974495829698,-6.377024818704502e-05,0.026966784090970003,0.10817788758668238,0.06757233583882619,0.013296768290967485,0.007432934122561851,0.013562734020999272,0.017146218217264305,5,1,2,0,2,2,False
audit_income_10k,150000,4796,1783,0.37176814011676396,0.9335006335418087,0.9330755732450462,0.9327505654595649,0.9333028553218349,CAT,0.9335006335418087,0.00019777821997379874,0.026988133867023176,0.11317576026112587,0.07008194706407453,0.01516311206200282,0.010642227529319481,0.015691883408507187,0.02074861149991474,5,2,2,0,1,2,False
audit_income_10k,160000,2096,722,0.34446564885496184,0.9452545694274758,0.9446941013761708,0.9451809827948404,0.9454118230533816,CAT,0.9452545694274758,-0.0001572536259057955,0.02583719014072751,0.10204701155305572,0.06394210084689161,0.016283607824477426,0.018162623495043075,0.022735905064454793,0.028591068191987645,5,2,0,2,1,2,False
audit_income_100k,0,485934,63454,0.13058151930097503,0.941981799376894,0.94249331058666,0.9423763752080292,0.942543886484808,XGB,0.94249331058666,-5.057589814805308e-05,0.06996240603641782,0.04369488003994241,0.05682864303818011,0.0178720611720618,0.009553849396405384,0.019312116847085316,0.02336901370777624,5,0,0,0,5,0,False
audit_income_100k,100000,182731,53325,0.29182240561262185,0.939406063113625,0.9394851285543968,0.9392825025398789,0.9395696119495087,XGB,0.9394851285543968,-8.448339511191172e-05,0.03508349712703786,0.08779555747836769,0.06143952730270277,0.01308928257090391,0.008029864168829975,0.014558194658701222,0.017838670699217556,5,1,0,0,4,0,False
audit_commute_1km,5,145199,26778,0.18442275773249128,0.9434216538857777,0.9439084029423693,0.9437881301027966,0.9438997047949195,XGB,0.9439084029423693,8.698147449859306e-06,0.05288789260318108,0.05730209215196042,0.05509499237757075,0.015101256001471788,0.007828854912165967,0.01636781015004398,0.019648960531840867,5,0,2,0,3,2,False
audit_commute_1km,10,550,116,0.2109090909090909,0.9358811377721278,0.9352653742253297,0.9337557603686636,0.9350468774829176,CAT,0.9358811377721278,0.0008342602892101869,0.05170931415495978,0.06698148730500161,0.059345400729980693,0.021278656318594106,0.01372833794337836,0.02361931066174596,0.029313152461859213,3,1,1,1,0,1,False
audit_commute_1km,11,3301,970,0.293850348379279,0.938191873758884,0.9380368586554154,0.937705157292786,0.9382657325956295,CAT,0.938191873758884,-7.385883674548843e-05,0.03598778206510675,0.08842630322091527,0.06220704264301101,0.020016303085454698,0.01079167376944833,0.021658455257191768,0.0262332160560474,5,3,1,1,0,3,False
audit_commute_1km,12,3132,1019,0.32535121328224775,0.9426365222625299,0.9431752685720017,0.942888246831266,0.9433615075979485,XGB,0.9431752685720017,-0.0001862390259467217,0.031347466985695446,0.09182557332691474,0.06158652015630509,0.02040822743978182,0.012274962266124534,0.022577928024730545,0.027630558865318452,5,1,4,0,0,4,False
audit_commute_1km,13,1274,396,0.3108320251177394,0.9530814983548469,0.9522819309265779,0.9518476335105036,0.9527679988955615,CAT,0.9530814983548469,0.00031349945928538236,0.029968664934717705,0.07992429716696536,0.05494648105084153,0.022504402355352702,0.012430060360317985,0.02414166029477348,0.029538061505222084,5,1,1,2,1,1,False
audit_commute_1km,15,4628,1452,0.31374243733794294,0.9458043626093775,0.9457115522062854,0.9454487339620153,0.9458772231127395,CAT,0.9458043626093775,-7.286050336197114e-05,0.03096344100149481,0.08725101897029855,0.05910722998589668,0.0179051010132995,0.011492581830819509,0.020094017749643325,0.024745850296881165,5,2,1,0,2,2,False
audit_commute_1km,16,6933,1632,0.23539593249675464,0.9377752787117488,0.9382322656472513,0.9380888178701022,0.9382596027941454,XGB,0.9382322656472513,-2.7337146894179654e-05,0.04490326859916296,0.07333400136179656,0.059118634980479756,0.016932413847605174,0.010412767392225577,0.019329757235292146,0.02333746923756145,5,2,2,1,0,2,False
audit_commute_1km,17,6538,1451,0.22193331293973692,0.9428504327933109,0.9429434388842954,0.9425853688209713,0.9430016269630687,XGB,0.9429434388842954,-5.818807877322474e-05,0.045243079284047846,0.0674584942691808,0.05635078677661432,0.016914132863187988,0.009946921446189277,0.018725716674058437,0.022793385491717853,5,1,1,0,3,1,False
audit_commute_1km,18,5575,922,0.1653811659192825,0.944375914030227,0.9445817383695262,0.9448309186851671,0.944793506673324,LGBM,0.9448309186851671,3.7412011843152015e-05,0.05579078161344632,0.05350702785692281,0.054648904735184564,0.016720926332734667,0.01130992464437624,0.019467468862980078,0.02374915992004549,5,1,0,3,1,3,False
audit_commute_1km,19,4524,1197,0.2645888594164456,0.9342983498220554,0.9335994027750469,0.9335855920735614,0.9340493805398176,CAT,0.9342983498220554,0.000248969282237832,0.04314506751423071,0.08122145784077493,0.06218326267750282,0.018767138241846854,0.011485893811813678,0.021235655472852753,0.02574434376325664,5,3,0,0,2,3,False
audit_commute_1km,20,7845,1578,0.20114722753346082,0.9434845205831013,0.9441549403872418,0.943857852395603,0.9440844097969872,XGB,0.9441549403872418,7.053059025463604e-05,0.050161093637443095,0.06019979657335832,0.05518044510540071,0.01583917808662988,0.009747332752483608,0.016956989492828898,0.021271750165971194,5,0,3,2,0,3,False
audit_commute_1km,21,11054,1805,0.16328930703817623,0.9419469470233961,0.9420739653219978,0.9420837889489587,0.9421986774642701,LGBM,0.9420837889489587,-0.00011488851531138433,0.057810466758746785,0.05392796062538444,0.055869213692065614,0.0159141866772172,0.009066248923375432,0.017583586757586842,0.021282011179089736,5,2,2,1,0,1,False
audit_commute_1km,22,11655,2504,0.21484341484341485,0.9412820156528923,0.9415686077011783,0.9417005788225452,0.9417073213947182,LGBM,0.9417005788225452,-6.7425721730351995e-06,0.048647490260496105,0.0645726293169813,0.056610059788738704,0.015811609013436534,0.010142841940677928,0.017852905606564017,0.02190367828033924,5,0,0,3,2,3,False
audit_commute_1km,23,7903,1421,0.17980513728963685,0.9503048663315138,0.9506203613492766,0.9510345435560088,0.9507781088581577,LGBM,0.9510345435560088,0.0002564346978510823,0.04798234409816755,0.05538253493528504,0.0516824395167263,0.01563932102766548,0.00862919037285572,0.0171149357064,0.0206917235534606,5,1,0,4,0,4,True
audit_commute_1km,24,11431,1790,0.15659172425859505,0.9458600924009944,0.9467177249862232,0.9467249103137846,0.9466745261015718,LGBM,0.9467249103137846,5.03842122128173e-05,0.05739044317649846,0.050250692324855094,0.05382056775067678,0.016383836458351862,0.00926390422287707,0.018050891861146695,0.021849316271187812,5,0,4,1,0,1,False
audit_commute_1km,25,9437,1655,0.17537352972342907,0.9442259269007959,0.9444595204208953,0.944111401242778,0.9444230663216144,XGB,0.9444595204208953,3.645409928088039e-05,0.055832288385929525,0.05368904859002277,0.054760668487976144,0.01553114574561322,0.008402245497266482,0.01683631990125599,0.020384855572067845,5,2,2,0,1,2,False
audit_commute_1km,26,9955,1895,0.1903566047212456,0.9396935909439101,0.9403125961620301,0.9403145930586563,0.9403369190176578,LGBM,0.9403145930586563,-2.2325959001534557e-05,0.052799422354031525,0.061104181708457946,0.05695180203124474,0.015460375079691592,0.008671806736454638,0.016954306537975625,0.02054324417706093,5,1,2,2,0,2,False
audit_commute_1km,27,11965,2104,0.17584621813623066,0.9440705608336101,0.9442393759955395,0.9441317006003216,0.9443599203838295,XGB,0.9442393759955395,-0.00012054438829001146,0.054690572875378506,0.05496981780033556,0.05483019533785703,0.01577190368110619,0.008521563987626154,0.017259877599636417,0.02077667263418438,5,2,2,1,0,2,False
audit_commute_1km,28,11361,1955,0.17207992254202975,0.9441348586879029,0.9444309095842944,0.9443351987875183,0.9444887983020035,XGB,0.9444309095842944,-5.7888717709064785e-05,0.05571603370439202,0.053846647644867726,0.05478134067462988,0.015995601046965496,0.008211568816925979,0.017380605951063326,0.0207938879074774,5,1,2,1,1,2,False
audit_commute_1km,29,11225,1816,0.16178173719376393,0.9471838812590625,0.9475342698409949,0.9476500613575063,0.9476410192603107,LGBM,0.9476500613575063,9.042097195544052e-06,0.056353037843271614,0.050167049379565044,0.053260043611418326,0.015758936951743272,0.008448621182282278,0.017346319529704144,0.020776938831864846,5,1,0,3,1,3,False
audit_commute_1km,30,12370,2064,0.16685529506871463,0.9473614658880128,0.9479382917605009,0.9478542829720626,0.9479119890648483,XGB,0.9479382917605009,2.6302695652624664e-05,0.056043269591515184,0.05017294315303996,0.05310810637227757,0.01593170119293368,0.00836461308682358,0.017167605059372124,0.020731959669564693,5,1,3,1,0,3,False
audit_commute_1km,31,13287,2146,0.1615112515993076,0.9426490759428432,0.9432262744438337,0.9430535958922874,0.9432083729251074,XGB,0.9432262744438337,1.7901518726270993e-05,0.05897026589891758,0.05196819291324143,0.055469229406079505,0.01597698390607232,0.008467379303736417,0.017626460293758958,0.02103541175178385,5,0,2,2,1,2,False
audit_commute_1km,32,13422,2386,0.17776784383847416,0.9459371060860942,0.946096285660554,0.9459209089994887,0.946149168293844,XGB,0.946096285660554,-5.288263328995235e-05,0.052625674142240814,0.055252534052846,0.053939104097543406,0.01625275253520554,0.008184513857575128,0.017726194631903787,0.021081730512342228,5,1,1,0,3,1,False
audit_commute_1km,33,11998,2060,0.17169528254709118,0.9420881797239975,0.9425970629553718,0.9426719935444414,0.9426404386809871,LGBM,0.9426719935444414,3.1554863454297255e-05,0.05513553849185612,0.056217758608325424,0.055676648550090774,0.01627443173908679,0.00875366776119919,0.017999277038721704,0.021513688269503846,5,1,1,3,0,3,False
audit_commute_1km,34,14460,2338,0.16168741355463348,0.9391226621167827,0.9396703799368525,0.9394856667507372,0.9396439520139489,XGB,0.9396703799368525,2.6427922903637935e-05,0.06013174468932905,0.05417910980272877,0.057155427246028914,0.016111474010181454,0.009104422460479693,0.01819589390759704,0.021705895189129094,5,1,3,1,0,3,False
audit_commute_1km,35,10076,1794,0.1780468439857086,0.9460497736289657,0.9463715214820283,0.946442056311023,0.946477626594538,LGBM,0.946442056311023,-3.5570283515085066e-05,0.053547509737067796,0.05400443450069265,0.05377597211888022,0.01601436427634881,0.008575338371821176,0.017544599621982057,0.021067151135076026,5,1,1,3,0,3,False
audit_commute_1km,36,12580,2334,0.18553259141494435,0.9429230099785214,0.942955668448205,0.9425505737938404,0.9430046561527302,XGB,0.942955668448205,-4.898770452521628e-05,0.05323105704793591,0.05780470344493059,0.055517880246433254,0.015805158635559067,0.008392785986485636,0.017258997256677004,0.020728470939360855,5,3,2,0,0,2,False
audit_commute_1km,37,12925,2108,0.16309477756286267,0.94363563731206,0.9437942401789017,0.943813492676771,0.9438839462936881,LGBM,0.943813492676771,-7.045361691715435e-05,0.05837452656136304,0.051885032287045024,0.05512977942420404,0.016319396072554917,0.008778253259356047,0.017646754183156105,0.021372201757533536,5,0,1,1,3,1,False
audit_commute_1km,38,12100,2196,0.18148760330578512,0.9462786971685927,0.9469522166900606,0.9468270625693359,0.946921640830295,XGB,0.9469522166900606,3.057585976562471e-05,0.053852359292120906,0.053241844698685994,0.053547101995403454,0.015996105846279494,0.00859197229857222,0.017480912287731572,0.021034495216291645,5,1,2,1,1,2,False
audit_commute_1km,39,9896,1755,0.17734438156831042,0.9433600665758879,0.9435201020755623,0.9436798226136145,0.9436915461850973,LGBM,0.9436798226136145,-1.1723571482824546e-05,0.05295310482233143,0.057435498178301854,0.05519430150031664,0.016124643493093883,0.008629647687644805,0.017350080492253173,0.02105218583649593,5,1,1,3,0,3,False
audit_commute_1km,40,11022,2075,0.1882598439484667,0.9488325493771218,0.9493177089715742,0.949180380850551,0.9493434293786301,XGB,0.9493177089715742,-2.5720407055951355e-05,0.050356835960840354,0.054303457033917896,0.052330146497379125,0.0162525955829003,0.008782761858590714,0.017504678474232115,0.021270017957861563,5,1,2,1,1,2,False
audit_commute_1km,41,12983,2187,0.16845105137487484,0.94646118657641,0.9466353437817492,0.946375802109979,0.946651374545908,XGB,0.9466353437817492,-1.603076415879201e-05,0.055589838379062215,0.051823545461831474,0.053706691920446845,0.01639222358731378,0.008486449873897278,0.01751985909719249,0.02119926627920177,5,1,1,1,2,1,False
audit_commute_1km,42,9521,1841,0.19336204180233169,0.9459203274941157,0.9462559269192468,0.9464455458989679,0.9463911568667391,LGBM,0.9464455458989679,5.4389032228763234e-05,0.04792487363606883,0.060048431380891824,0.05398665250848032,0.015679504990062636,0.008912043894461433,0.01708559870016702,0.020838573792345542,5,1,2,2,0,2,False
audit_commute_1km,43,13360,2529,0.18929640718562873,0.9434134166464689,0.9434122301512957,0.9431219039092972,0.9434675938414547,CAT,0.9434134166464689,-5.4177194985793875e-05,0.05177086689442386,0.05883268618654994,0.0553017765404869,0.016377167374925398,0.00894049362858186,0.017530455323192685,0.021424058163349968,5,2,2,0,1,2,False
audit_commute_1km,44,11914,2087,0.1751720664764143,0.9475791762903111,0.9476229132950695,0.9477046337186756,0.9477774068285996,LGBM,0.9477046337186756,-7.277310992392927e-05,0.051043362060699045,0.055212489018688825,0.053127925539693935,0.01620568018842452,0.008538560357288068,0.017483819421001846,0.021114029983357218,5,1,1,3,0,3,False
audit_commute_1km,45,12591,1983,0.15749344770073861,0.9517156672591841,0.9515696295586391,0.951539585344204,0.9517169270245046,CAT,0.9517156672591841,-1.2597653205048687e-06,0.05703881754804657,0.04553061793688319,0.05128471774246488,0.016352303899962888,0.008677938261286478,0.01792803448361178,0.021479138322430577,5,3,0,1,1,3,False
audit_commute_1km,46,14545,2573,0.1768992781024407,0.942623278646418,0.9427602902692109,0.942615617292792,0.9428615434978546,XGB,0.9427602902692109,-0.0001012532286436274,0.05485257683436566,0.056354249123011145,0.0556034129786884,0.01582368204007011,0.008650383778165682,0.017100120611224814,0.0207870932147303,5,1,1,1,2,1,False
audit_commute_1km,47,13833,2165,0.15650979541675702,0.9432564222947268,0.943855878694695,0.9439211368255375,0.9438663097031735,LGBM,0.9439211368255375,5.4827122363931835e-05,0.059398170886096655,0.05101386088481146,0.055206015885454054,0.01628378569806513,0.008335115794029171,0.017705708152608045,0.021162304822351173,5,0,1,1,3,1,False
audit_commute_1km,48,14516,2170,0.1494902176908239,0.946710272399277,0.9471373776539875,0.9469315235591893,0.9471455334327206,XGB,0.9471373776539875,-8.155778733032193e-06,0.05923229261382724,0.0481492393553585,0.05369076598459287,0.01650185937107914,0.008957338377661841,0.01823193528308237,0.02184556651591168,5,0,3,1,1,3,False
audit_commute_1km,49,12031,1785,0.14836671930845316,0.9412746711020931,0.9416935542516831,0.9419594775251502,0.9418584064506145,LGBM,0.9419594775251502,0.00010107107453571906,0.06373788365398526,0.048997746739435015,0.056367815196710136,0.016543331694059128,0.008852251263298243,0.017848977119229073,0.021622280038293223,5,0,1,3,1,3,False
audit_commute_1km,50,12654,2195,0.17346293662083137,0.9475260704506,0.9479839599294435,0.9477728089354658,0.9479732880380513,XGB,0.9479839599294435,1.067189139225544e-05,0.054424004257523154,0.051665565748902374,0.05304478500321276,0.016216743559166226,0.008809434462257232,0.0175695788455423,0.02129787843348288,5,0,2,1,2,2,False
audit_commute_1km,51,10000,1515,0.1515,0.9437983939820028,0.9440868082094007,0.9440586863636277,0.9441691511520038,XGB,0.9440868082094007,-8.23429426031197e-05,0.061386375425574874,0.0487650585056928,0.055075716965633834,0.016931004688446383,0.008824583834954722,0.018004926981373334,0.02188025775238722,5,1,2,1,1,2,False
audit_commute_1km,52,13107,2026,0.15457389181353476,0.9473520525916448,0.9478458587233397,0.9476357483568228,0.9478406694382646,XGB,0.9478458587233397,5.189285075091199e-06,0.057308689253566636,0.04916156693132211,0.05323512809244437,0.016668937925631323,0.008858343202311953,0.018189981139225715,0.021858631133584498,5,0,3,0,2,3,False
audit_commute_1km,53,10175,1667,0.16383292383292383,0.945298281669477,0.9455656118423708,0.9455085710643485,0.9456349914784321,XGB,0.9455656118423708,-6.937963606135078e-05,0.05868941235507804,0.05003233024476175,0.0543608712999199,0.01671111952487529,0.008488410853332002,0.018011263449113493,0.021605396913660396,5,2,2,1,0,2,False
audit_commute_1km,54,11025,1907,0.1729705215419501,0.9453945203440575,0.9458971938505267,0.9460506902853721,0.9459556823759062,LGBM,0.9460506902853721,9.50079094659273e-05,0.05253847881205854,0.05556299154849482,0.05405073518027668,0.015990284428547878,0.008837008414217161,0.017604166070028224,0.021215729456396624,5,0,2,2,1,2,False
audit_commute_1km,55,11021,1946,0.1765719989111696,0.9495511878572703,0.9498756791497145,0.9498970835138265,0.949985447297416,LGBM,0.9498970835138265,-8.83637835894513e-05,0.05272172199913533,0.05125117805696273,0.051986450028049025,0.01690418534366655,0.010009999970194142,0.019101330098208916,0.023007757706034804,5,0,1,1,3,1,False
audit_commute_1km,56,7517,1486,0.19768524677397897,0.9443273459490255,0.9447888466788797,0.9448594777141789,0.9449015439073981,LGBM,0.9448594777141789,-4.206619321922567e-05,0.049500627967771965,0.06016156539162161,0.05483109667969679,0.01658406653208796,0.011048677054146,0.018233926186195685,0.02293333488621482,5,0,2,2,1,2,False
audit_commute_1km,57,8637,1316,0.15236772027324302,0.9469916038676265,0.9478775924195252,0.9475209550408558,0.9477425559731779,XGB,0.9478775924195252,0.00013503644634726975,0.05889409404812217,0.047843226449196544,0.053368660248659355,0.01754486982927584,0.00966451169600713,0.019046710541767927,0.023128046033525453,5,0,4,0,1,4,True
audit_commute_1km,58,8223,1140,0.13863553447646845,0.9441088249354149,0.9451480069650336,0.9445938013182044,0.9449819310382408,XGB,0.9451480069650336,0.00016607592679285244,0.06581494694016073,0.04473209184727667,0.0552735193937187,0.01799964466053319,0.009473946791591801,0.0191691783848727,0.023321384918498847,5,0,4,0,1,4,True
audit_commute_1km,59,7785,782,0.10044958253050738,0.9503507448214555,0.9493633163426854,0.9494498704062891,0.9498962446857814,CAT,0.9503507448214555,0.0004545001356741629,0.0750824111966561,0.03463956824133135,0.054860989718993725,0.02148254624105285,0.011505199196237792,0.023311228062091974,0.02814948674969131,5,3,0,1,1,3,False
audit_commute_1km,60,5074,945,0.18624359479700434,0.9493939498783287,0.9502150872458452,0.9500720801762215,0.9502268763591118,XGB,0.9502150872458452,-1.1789113266602591e-05,0.051590471093955516,0.05212714630546925,0.051858808699712385,0.019869954199358764,0.015286801776986842,0.021272983050806195,0.0282148695135759,5,0,1,3,1,1,False
audit_commute_1km,61,5429,777,0.14312027997789648,0.947206664962469,0.947300174514276,0.9472315639555534,0.9473974189150457,XGB,0.947300174514276,-9.724440076974705e-05,0.05986444792556924,0.047413689608691745,0.053639068767130496,0.01862293149281896,0.010968560081549733,0.01933254888879499,0.024462020231581838,5,2,1,1,1,1,False
audit_commute_1km,62,3302,317,0.09600242277407632,0.9465952263948555,0.9465444995746345,0.9462961495173027,0.9468213834683405,CAT,0.9465952263948555,-0.00022615707348505598,0.08783861845650906,0.029785959285175283,0.05881228887084217,0.023996663656051378,0.0131919555233732,0.025799764841471576,0.03149419201044808,5,3,0,2,0,3,False
audit_commute_1km,64,1993,292,0.14651279478173607,0.941921754326625,0.9414546640574039,0.9408567079799957,0.9418412215215869,CAT,0.941921754326625,8.053280503805826e-05,0.06386614971952466,0.049160833444727714,0.05651349158212619,0.022544396328052822,0.013143418083471912,0.0241537337790835,0.029920774095304116,5,3,1,1,0,3,False
audit_commute_1km,66,3564,312,0.08754208754208755,0.9420524253319457,0.9416404500583466,0.940138415807235,0.9417626628189357,CAT,0.9420524253319457,0.00028976251300993905,0.09041122750917435,0.0328365183372674,0.06162387292322087,0.024136428202926375,0.016324069023976054,0.026067252090310477,0.03326387465860645,5,3,1,1,0,3,False
audit_commute_1km,67,3792,115,0.030327004219409284,0.9354979839424862,0.9324047250239443,0.932572631280226,0.9337574345815942,CAT,0.9354979839424862,0.001740549360891963,0.15915658542588115,0.01418643412280443,0.08667150977434279,0.02903695243917749,0.021460660593920357,0.027297531069921704,0.03889757205150979,5,3,1,1,0,3,False
audit_commute_1km,69,2049,135,0.06588579795021962,0.9440651728008049,0.9434769147412826,0.9425829172955609,0.9439123031077055,CAT,0.9440651728008049,0.00015286969309946663,0.11039608153106231,0.023057058191430783,0.06672656986124655,0.02565952408314934,0.01983015683548592,0.028634824142451453,0.037062252530543356,5,2,2,1,0,2,False
audit_commute_1km,70,1712,304,0.17757009345794392,0.9565079246411483,0.9576737253289473,0.9568677108253588,0.9575942920155502,XGB,0.9576737253289473,7.943331339710369e-05,0.04618127239569118,0.049661653295774696,0.04792146284573294,0.023044509072373317,0.015006760663649029,0.024603799322977973,0.03132753452950016,5,0,3,2,0,3,False
audit_commute_1km,71,738,76,0.10298102981029811,0.958280330736206,0.9571275242486882,0.9576045476228336,0.958002067101288,CAT,0.958280330736206,0.0002782636349180079,0.07163589705883196,0.031565524043931564,0.05160071055138176,0.026462740942155973,0.015339717367921363,0.025421671507137034,0.03361206490860719,5,3,1,0,1,3,False
audit_commute_5km,5,145959,26923,0.18445590885111574,0.9433725833673086,0.9438425749651906,0.9437180803868558,0.9438393246906783,XGB,0.9438425749651906,3.250274512311968e-06,0.05287351566474167,0.0573776265268617,0.055125571095801684,0.015137179067138148,0.007903633873393634,0.016456136248746457,0.019748474594639118,5,0,2,0,3,2,False
audit_commute_5km,10,8740,2658,0.30411899313501145,0.9427987741646705,0.942627828505781,0.9420789590173324,0.9428768703811886,CAT,0.9427987741646705,-7.809621651810872e-05,0.033758431076076886,0.08674934401044698,0.060253887543261934,0.020826468741183997,0.011940973237069708,0.02267115137592458,0.027719296677089146,5,2,1,0,2,2,False
audit_commute_5km,15,28198,6654,0.23597418256613945,0.942370555345539,0.9423849637556809,0.9422147205944545,0.9425393824296614,XGB,0.9423849637556809,-0.00015441867398047204,0.04312781863409822,0.07093418718299269,0.05703100290854545,0.0173403621202082,0.010831526028638936,0.019648141745617548,0.02391001494723234,5,1,0,0,4,0,False
audit_commute_5km,20,49888,9098,0.18236850545221295,0.9446407511873517,0.9450864132546852,0.9450681678636337,0.9451355351504425,XGB,0.9450864132546852,-4.912189575723147e-05,0.05234416554420023,0.05664163961715025,0.05449290258067524,0.01594249645823111,0.009400920953921059,0.017580805949057053,0.021462111680604613,5,0,2,1,2,2,False
audit_commute_5km,25,53943,9425,0.17472146525035687,0.9439952986560558,0.9443159295503872,0.9442293958406,0.9443716719121633,XGB,0.9443159295503872,-5.574236177607883e-05,0.055043848337916944,0.05460417335430142,0.05482401084610918,0.015716707907272687,0.008447949614060604,0.017172801084557945,0.02066872930294562,5,0,1,1,3,1,False
audit_commute_5km,30,65537,10994,0.16775256725208662,0.9434528103428106,0.94390746795297,0.9437797742254292,0.9439176306199802,XGB,0.94390746795297,-1.0162667010260584e-05,0.05657227450757013,0.053559177332876386,0.055065725920223255,0.01610904252005567,0.008583019245106294,0.01775416922763412,0.02122311549639804,5,0,1,0,4,1,False
audit_commute_5km,35,57577,10187,0.17692828733695748,0.9444761323661126,0.9447622682260798,0.9446587047574361,0.944822085494604,XGB,0.9447622682260798,-5.9817268524220424e-05,0.05443717498559188,0.05477235139999584,0.05460476319279386,0.01605224615852224,0.008593833281541122,0.01745831329055474,0.02105219636530905,5,0,1,1,3,1,False
audit_commute_5km,40,58800,10719,0.18229591836734693,0.9464357344131699,0.946640972200721,0.946521720441827,0.9467035735531956,XGB,0.946640972200721,-6.260135247460052e-05,0.051474122820639276,0.05587034241315328,0.05367223261689628,0.016209427623352066,0.00872462844918276,0.01744180254635709,0.021187929309445956,5,0,0,0,5,0,False
audit_commute_5km,45,67516,10676,0.15812548136737958,0.9452284109338882,0.9455048420642141,0.9454785766162384,0.945583908667794,XGB,0.9455048420642141,-7.906660357981377e-05,0.05855628443755781,0.05012971528065857,0.05434299985910819,0.016290579055044694,0.008692896029370279,0.01775537670536046,0.021369425894887717,5,0,1,1,3,1,False
audit_commute_5km,50,56961,9310,0.16344516423517846,0.9461386868058149,0.9465344483175099,0.9464340799503985,0.9465737704286137,XGB,0.9465344483175099,-3.932211110380113e-05,0.0565622537092638,0.051020952748445196,0.0537916032288545,0.016490669339789495,0.008771340471323368,0.01787435859331557,0.021568184202214215,5,0,1,1,3,1,False
audit_commute_5km,55,43183,6670,0.1544589305976889,0.9482568612169142,0.9486234821953087,0.9484525422770498,0.9486859109267156,XGB,0.9486234821953087,-6.242873140693828e-05,0.05808133688235735,0.047589006806525856,0.0528351718444416,0.018010587408004784,0.010289181919179057,0.019711291142936738,0.024005530235060288,5,0,2,0,3,2,False
audit_commute_5km,60,16815,2375,0.14124293785310735,0.9494970987024348,0.9498766875637848,0.9495965301064295,0.9499829129610731,XGB,0.9498766875637848,-0.00010622539728821767,0.06159099676763908,0.04349614178772086,0.052543569277679975,0.021162950585503985,0.013846149689944,0.02265833311837775,0.02883371669691287,5,2,1,0,2,1,False
audit_commute_5km,65,11383,633,0.055609241851884386,0.9445864285976706,0.9440019839082994,0.9426685770968808,0.9443451265660017,CAT,0.9445864285976706,0.00024130203166894404,0.11581943660904076,0.02128180580412574,0.06855062120658326,0.027894400568382192,0.01916058026064237,0.02777014441336315,0.03741256262119386,5,3,1,0,1,3,False
audit_commute_5km,70,2653,401,0.15114964191481342,0.959481846006653,0.9595161740409189,0.9589946093912644,0.9597221422465152,XGB,0.9595161740409189,-0.00020596820559626305,0.05152404030674484,0.04233775737100351,0.04693089883887418,0.025057367360034118,0.015475190481777762,0.025942780334266922,0.0332376690880394,5,2,1,1,1,1,False
audit_commute_10km,0,145959,26923,0.18445590885111574,0.9433725833673086,0.9438425749651906,0.9437180803868558,0.9438393246906783,XGB,0.9438425749651906,3.250274512311968e-06,0.05287351566474167,0.0573776265268617,0.055125571095801684,0.015137179067138148,0.007903633873393634,0.016456136248746457,0.019748474594639118,5,0,2,0,3,2,False
audit_commute_10km,10,36938,9312,0.2520981103470681,0.9429307269715541,0.9428682029951865,0.9426054988944127,0.9430516039381447,CAT,0.9429307269715541,-0.00012087696659057734,0.04045343803602898,0.07441597187221939,0.057434704954124186,0.018165219228533726,0.011094035330758296,0.02036342422352332,0.024811339391407675,5,2,0,0,3,2,False
audit_commute_10km,20,103831,18523,0.17839566218181468,0.9443147653893023,0.944695190452615,0.9446377124154719,0.9447467073848702,XGB,0.944695190452615,-5.151693225524667e-05,0.05371783667364902,0.0555783873654329,0.054648112019540965,0.015825193226976952,0.00890582668548396,0.017368836437006936,0.021049928174733928,5,0,1,0,4,1,False
audit_commute_10km,30,123114,21181,0.17204379680621212,0.9439533672474693,0.9443275337404566,0.9442096553494425,0.9443608355339964,XGB,0.9443275337404566,-3.3301793539775026e-05,0.05554539858903972,0.05412319800371694,0.05483429829637833,0.016082480438505152,0.008588076669735564,0.01761580561919625,0.021143181363718486,5,0,1,0,4,1,False
audit_commute_10km,40,126316,21395,0.16937680103866493,0.9459749991312641,0.9462143407827207,0.9461359909558724,0.9462852395612382,XGB,0.9462143407827207,-7.089877851751414e-05,0.055008086710437006,0.05276040973798817,0.05388424822421259,0.016252803126551654,0.008707667446173963,0.01760940817762527,0.021284939375175446,5,0,1,0,4,1,False
audit_commute_10km,50,100144,15980,0.15957021888480588,0.9470746063811645,0.9474535074676006,0.9473264397853907,0.9475071299053239,XGB,0.9474535074676006,-5.362243772333297e-05,0.05719631408251374,0.049532066262806436,0.053364190172660086,0.017146071779673467,0.009425847453696274,0.018666460549401714,0.02261918989138573,5,0,1,0,4,1,False
audit_commute_10km,60,28198,3008,0.10667423221505071,0.9518672649037527,0.9519462127722924,0.9513758731512845,0.9520864765547794,XGB,0.9519462127722924,-0.00014026378248699345,0.07300276618905106,0.034016026193292616,0.05350939619117184,0.023880309800877506,0.015991484933091018,0.02472187478696484,0.03229683476046668,5,2,1,0,2,1,False
audit_commute_10km,70,3946,450,0.11403953370501774,0.9613399440630562,0.9614607170099161,0.9607017543859651,0.96168510043224,XGB,0.9614607170099161,-0.00022438342232389274,0.0616825576296554,0.03290834093846573,0.04729544928406057,0.029939441142509335,0.016643803496030278,0.02953732647362668,0.038060285556083144,5,2,0,1,2,0,False
Subsidy_Available,No,248756,1432,0.0057566450658476575,0.8859745088522517,0.8871548527505457,0.8864854316808232,0.8872226750895778,XGB,0.8871548527505457,-6.782233903201984e-05,0.38258016613908014,0.0032201766636943694,0.19290017140138727,0.020050727144479124,0.008657972090282814,0.02093650579141664,0.02482260251308929,5,0,2,0,3,2,False
Subsidy_Available,Yes,419909,115347,0.2746952315858912,0.910377203307432,0.9108930153496639,0.9106823039905864,0.9109855368139248,XGB,0.9108930153496639,-9.252146426086405e-05,0.049956801642201246,0.09530098258203247,0.07262889211211686,0.0145000968912228,0.009421381434398716,0.01628106618696206,0.020101272256291783,5,0,0,0,5,0,False
Range_Anxiety_Level,Low,603972,114167,0.18902697476041935,0.9430345232247593,0.9433660362147613,0.943235688470057,0.943419509241059,XGB,0.9433660362147613,-5.347302629765682e-05,0.05194704111327375,0.058805993809070915,0.05537651746117234,0.015892892645164577,0.009066694107430603,0.01748295779867234,0.02122127227563376,5,0,0,0,5,0,False
Range_Anxiety_Level,Medium,62499,2609,0.04174466791468664,0.9370039943550527,0.9376373261545491,0.9371957602608743,0.9377018561114439,XGB,0.9376373261545491,-6.452995689476548e-05,0.14522265839429535,0.016931604518341654,0.08107713145631851,0.02136226413401861,0.009870537517781712,0.02145241768552855,0.02634260966866444,5,1,2,0,2,2,False
Current_Car_Type,Hatchback,79438,13846,0.17429945366197538,0.945502841203934,0.9458578100150213,0.94574300544362,0.9459081267542536,XGB,0.9458578100150213,-5.0316739232281193e-05,0.05383353439587087,0.05429812885689413,0.0540658316263825,0.016689375234859315,0.009320335215582039,0.018115426714307697,0.022062568582374525,5,0,0,0,5,0,False
Current_Car_Type,SUV,246545,44613,0.18095276724330245,0.944280733433216,0.9446216278497235,0.94444409295449,0.9446664526703915,XGB,0.9446216278497235,-4.4824820668032395e-05,0.05324777723737311,0.0561442518033569,0.054696014520365,0.01649907258455272,0.009111844796582039,0.017962113673877424,0.021786515527506094,5,0,0,0,5,0,False
Current_Car_Type,Sedan,303459,52185,0.17196721797672831,0.9466025940850173,0.9469100567846581,0.9468152696083618,0.946968779474999,XGB,0.9469100567846581,-5.87226903409066e-05,0.054151438558251254,0.052916646636098734,0.053534042597174994,0.01651829210732659,0.009021413627866036,0.017958902820984935,0.021749304278088778,5,0,0,0,5,0,False
Current_Car_Type,Truck,39223,6135,0.15641332891415752,0.945587534030415,0.9459002759084366,0.94574810211962,0.9459620213081237,XGB,0.9459002759084366,-6.174539968706316e-05,0.059235040364409616,0.04914360010712593,0.05418932023576777,0.01708948887606755,0.009824532537031824,0.01854356836397355,0.022728794888536463,5,0,0,0,5,0,False
City_Type,Rural,123983,23977,0.1933894162909431,0.9406240638699268,0.9408197294457531,0.9406711630584059,0.9409210442160141,XGB,0.9408197294457531,-0.00010131477026098512,0.05234383331749884,0.06094418105968368,0.056644007188591264,0.01596469640003941,0.009184018361065558,0.017633258030290186,0.021390986395697576,5,0,0,0,5,0,False
City_Type,Suburban,255377,46207,0.1809364194896173,0.9450963914182617,0.9454544096475244,0.9452964683300993,0.9454843709986749,XGB,0.9454544096475244,-2.9961351150520343e-05,0.05262090558527188,0.055971801712420784,0.05429635364884633,0.01602625691958741,0.008829143655234495,0.017636606299268734,0.021246003437045323,5,0,1,0,4,1,False
City_Type,Urban,289305,46595,0.1610583985758974,0.9479503523739474,0.9483043429437046,0.9482014730129348,0.948356288406305,XGB,0.9483043429437046,-5.194546260045563e-05,0.05630904004940062,0.04952033000320852,0.05291468502630457,0.017297908781144334,0.009389478212697717,0.018507940819871307,0.02259766390685668,5,0,0,0,5,0,False
Home_Charging_Possible,No,205988,26178,0.12708507291686894,0.9505749044939071,0.9508986674158042,0.9508199858154532,0.9509713734256442,XGB,0.9508986674158042,-7.270600983999564e-05,0.06506989104935576,0.04015427795335976,0.052612084501357764,0.01874828188552545,0.009460500616884433,0.01974199336295211,0.023975387932680996,5,0,0,0,5,0,False
Home_Charging_Possible,Yes,462677,90601,0.1958191135500576,0.9423647370743574,0.9427003513697415,0.9425409920085714,0.9427459283836986,XGB,0.9427003513697415,-4.5577013957132095e-05,0.050847368009670026,0.06074389133275704,0.05579562967121353,0.015593035266531314,0.008993521962311792,0.017243204065261312,0.020914880647052218,5,0,0,0,5,0,False
Gender,Female,295427,52480,0.17764117700819493,0.9454156105163882,0.9457411528336201,0.9455930768772388,0.9457913370373892,XGB,0.9457411528336201,-5.018420376901034e-05,0.05351150693234255,0.05473809701791815,0.05412480197513035,0.016500413134262714,0.009116773898848317,0.017959978050751255,0.02178858254193114,5,0,0,0,5,0,False
Gender,Male,367954,63381,0.17225250982459764,0.9457966846577447,0.9461291936720502,0.9460083362372556,0.9461807458744436,XGB,0.9461291936720502,-5.155220239339009e-05,0.05439710339233105,0.05346093358726681,0.05392901848979893,0.016594048260286307,0.009133948995598613,0.018028848835274534,0.021878423045579732,5,0,0,0,5,0,False
Gender,Other,5284,918,0.1737320211960636,0.9395691803468473,0.9397133923554661,0.9398867960682518,0.939983477994445,LGBM,0.9398867960682518,-9.668192619327609e-05,0.059036277794638166,0.055032397763111335,0.05703433777887475,0.018157812730375523,0.01052822306695106,0.019870964461920926,0.024278500129623754,5,1,1,2,1,2,False
Number_of_Cars_Owned,1,288012,49351,0.17135049928475202,0.9453145545582751,0.9456527335127518,0.9455475272153292,0.9457070903523397,XGB,0.9456527335127518,-5.435683958787685e-05,0.054987264993921,0.05334816623102356,0.05416771561247228,0.01653365029896154,0.009174805660879812,0.018028938694578073,0.021868697327209714,5,0,0,0,5,0,False
Number_of_Cars_Owned,2,298287,53150,0.17818409786547854,0.9452736073465108,0.9456071339776593,0.9454643636195663,0.9456565263670729,XGB,0.9456071339776593,-4.939238941359392e-05,0.053407350555501616,0.054979773999245495,0.054193562277373555,0.016529939151842164,0.009067717622111173,0.017944018472492204,0.021770837623222773,5,0,0,0,5,0,False
Number_of_Cars_Owned,3,68877,12043,0.17484791730185692,0.9483183683705136,0.9485507543260947,0.9484228782768656,0.9486276099866903,XGB,0.9485507543260947,-7.685566059556503e-05,0.05212670018047214,0.05324227028133311,0.052684485230902627,0.01676027151776451,0.009207265935719846,0.01811818342778335,0.022042860440633846,5,0,0,0,5,0,False
Number_of_Cars_Owned,4,13489,2235,0.16569056268070279,0.9434235264697335,0.9438689062680771,0.9434148792832894,0.9438148961403333,XGB,0.9438689062680771,5.4010127743753245e-05,0.05824740488627158,0.05205349932787228,0.05515045210707193,0.01701438179475142,0.009521839411724763,0.01865990116303303,0.022598061184754603,5,0,3,0,2,3,False
Charging_Stations_Near_Home,0,69865,12933,0.18511414871537965,0.9421156547168834,0.9423697693503177,0.9422225613224157,0.9424413093322324,XGB,0.9423697693503177,-7.153998191467004e-05,0.05314963410935691,0.05850801198258719,0.055828823045972045,0.016195934540505254,0.009397199560530723,0.017777555822082795,0.021685344961559383,5,0,0,0,5,0,False
Charging_Stations_Near_Home,1,68177,13498,0.19798465758246916,0.9427396713681554,0.9430276754912834,0.9427678311119168,0.9430775862609295,XGB,0.9430276754912834,-4.9910769646110964e-05,0.05093858179786569,0.06031762334094915,0.05562810256940742,0.016056845747851586,0.009114137137209153,0.017723333813033863,0.021447158349047302,5,0,1,0,4,1,False
Charging_Stations_Near_Home,2,101547,19095,0.18804100564270732,0.9419152726716148,0.9421396631068691,0.9420895354707365,0.9422358371961186,XGB,0.9421396631068691,-9.61740892494456e-05,0.05295375661035044,0.05892219704424174,0.05593797682729609,0.016169875932641853,0.008832652525190192,0.017630034610270164,0.02131628153405111,5,0,0,0,5,0,False
Charging_Stations_Near_Home,3,58845,9506,0.1615430367915711,0.947468944666245,0.9477141993463285,0.9476168776173678,0.9477868023305123,XGB,0.9477141993463285,-7.26029841837672e-05,0.055397133996941364,0.05094352442953177,0.05317032921323657,0.016488680177344804,0.008946414781137843,0.017910670806571855,0.021672882882527254,5,0,0,0,5,0,False
Charging_Stations_Near_Home,4,53692,8509,0.1584779855471951,0.945346577903806,0.9456800060475135,0.945540560589961,0.9457153424261556,XGB,0.9456800060475135,-3.5336378642170096e-05,0.05795965788463945,0.05052290449665108,0.054241281190645266,0.016409631775998707,0.008893382603785659,0.017975109096811742,0.021639061738298052,5,0,0,0,5,0,False
Charging_Stations_Near_Home,5,52986,8929,0.16851621182953988,0.9479436660100213,0.948201305503416,0.9479090726685726,0.9482263852628854,XGB,0.948201305503416,-2.5079759469415208e-05,0.0553100275784596,0.050578413498351266,0.05294422053840543,0.016567735421769883,0.009021261353737174,0.0178482864644143,0.02171864161996068,5,0,2,0,3,2,False
Charging_Stations_Near_Home,6,55707,9152,0.1642881505017323,0.9466883211769972,0.947359144252268,0.947262064270173,0.9473468364548137,XGB,0.947359144252268,1.2307797454313985e-05,0.055880207518818684,0.0508774847483665,0.05337884613359259,0.016821997423593044,0.00900308702551978,0.018174361048969835,0.021999722749041332,5,0,3,2,0,3,False
Charging_Stations_Near_Home,7,57439,9587,0.16690750187155068,0.9471659398143755,0.947494100385894,0.9474683209497146,0.9475597342440398,XGB,0.947494100385894,-6.563385814584155e-05,0.05455547672544793,0.05193060625047526,0.05324304148796159,0.016333709017271394,0.008964097630713937,0.01796486278398016,0.02163133471598274,5,0,0,2,3,0,False
Charging_Stations_Near_Home,8,20816,3387,0.16271137586471945,0.9489116779887417,0.9492759802590537,0.9490531435793756,0.9492657569943013,XGB,0.9492759802590537,1.0223264752418082e-05,0.05541564184926999,0.04947158119987167,0.05244361152457083,0.017002206212588755,0.009381147329289371,0.01825909680659203,0.02232122517423508,5,0,2,0,3,2,False
Charging_Stations_Near_Home,9,22396,3738,0.1669048044293624,0.947379174726904,0.947976326259251,0.9477162235550661,0.9479389178110152,XGB,0.947976326259251,3.740844823574285e-05,0.0553579281161669,0.05081833058896414,0.05308812935256552,0.017153612120004633,0.009373312464008443,0.018567209976076707,0.02254706728004489,5,0,3,1,1,3,False
Charging_Stations_Near_Home,10,20055,3396,0.1693343305908751,0.9466207458964693,0.9471123501262879,0.9470330557003217,0.9471680648009746,XGB,0.9471123501262879,-5.57146746866799e-05,0.054325385869131486,0.05255796587297779,0.05344167587105464,0.01701910766307462,0.009169346596367218,0.018261371113758907,0.022224912686600373,5,0,1,2,2,1,False
Charging_Stations_Near_Home,11,23668,4027,0.17014534392428596,0.9492408094554771,0.9494617355962168,0.9494484223750768,0.9495579498534579,XGB,0.9494617355962168,-9.621425724104515e-05,0.053408251347432045,0.051017618468082115,0.05221293490775708,0.017405400838534237,0.00949479525581761,0.01848615834202602,0.022693177218188934,5,1,0,1,3,0,False
Charging_Stations_Near_Home,12,21642,3782,0.17475279549025044,0.9475074289541489,0.947828733441782,0.9478442190656158,0.9479245636932887,LGBM,0.9478442190656158,-8.034462767292361e-05,0.05246392030245794,0.05362878203712995,0.05304635116979395,0.017256349363091866,0.009626037932168853,0.018515768701918716,0.022699077998589716,5,1,0,2,2,2,False
Charging_Stations_Near_Home,13,21282,3678,0.1728221031857908,0.9474942141406144,0.9478368836782485,0.9479178443180953,0.9479400459433869,LGBM,0.9479178443180953,-2.220162529154024e-05,0.054320958215718695,0.051753610578937764,0.05303728439732823,0.017531103112162483,0.009801135088269275,0.01876632662919091,0.023049282414811335,5,0,1,2,2,2,False
Charging_Stations_Near_Home,14,20548,3562,0.17335020439945492,0.9492025024009931,0.9495018786485525,0.9491092773630732,0.9495026885105964,XGB,0.9495018786485525,-8.098620438712345e-07,0.051553874267945186,0.05292948229923889,0.05224167828359204,0.01780257680668189,0.010020212138952888,0.019229836276487333,0.023526312611061057,5,0,1,0,4,1,False
Charging_Stations_Near_Work,0,25673,4915,0.19144626650566743,0.9381574736607695,0.9382068289351385,0.9382318863790713,0.9383981829261037,LGBM,0.9382318863790713,-0.00016629654703237406,0.05399639440036655,0.06159333319528064,0.057794863797823594,0.0164831509223288,0.009386103857772332,0.01784325052243366,0.021856252651267394,5,1,1,1,2,1,False
Charging_Stations_Near_Work,1,53736,9757,0.18157287479529552,0.9433546429050177,0.9435655595806773,0.943403049686173,0.9436433369254847,XGB,0.9435655595806773,-7.777734480740595e-05,0.05377226556100172,0.05664888133568214,0.05521057344834193,0.016233720730729557,0.009218021058696565,0.017886127010926105,0.021668934400176115,5,0,0,0,5,0,False
Charging_Stations_Near_Work,2,49538,9332,0.18838063708668093,0.9417205714402802,0.9420715126997379,0.9418824414104482,0.9421239990388974,XGB,0.9420715126997379,-5.248633915955203e-05,0.05260246155575043,0.05942336504504264,0.05601291330039654,0.016012976495582375,0.00894384692123963,0.017655653956706818,0.021306238686764414,5,0,2,0,3,2,False
Charging_Stations_Near_Work,3,79739,14117,0.17704009330440562,0.9434696262941534,0.9438798900424393,0.9436294986757862,0.9438864278155463,XGB,0.9438798900424393,-6.537773106995992e-06,0.05439563044236737,0.05574781212979118,0.055071721286079275,0.01637443400935637,0.009075301549154011,0.017951926896816756,0.02170083122766357,5,0,2,0,3,2,False
Charging_Stations_Near_Work,4,45472,7850,0.17263370865587616,0.9470102430242231,0.9473888770190364,0.947282182094973,0.9474303319612084,XGB,0.9473888770190364,-4.1454942172003406e-05,0.054054983223596136,0.05254659955400277,0.05330079138879945,0.01679646687734901,0.009046132902628946,0.018179329394517132,0.02201096458724754,5,0,1,0,4,1,False
Charging_Stations_Near_Work,5,46737,8230,0.17609174743779019,0.9470883676733469,0.9472380382718125,0.9471884078705484,0.947339523662375,XGB,0.9472380382718125,-0.000101485390562428,0.05422160613241269,0.05248403700640827,0.05335282156941048,0.016709290850415913,0.009126164381320844,0.018174753572341246,0.022005104402039,5,1,0,1,3,0,False
Charging_Stations_Near_Work,6,49103,8287,0.16876769240168626,0.9461023449138479,0.9465260708811869,0.946359871922779,0.9465479176530408,XGB,0.9465260708811869,-2.1846771853906155e-05,0.05483316290225626,0.05266360590539286,0.05374838440382456,0.01668194245407782,0.008928598367827787,0.018098890334363793,0.021854715578134697,5,0,2,1,2,2,False
Charging_Stations_Near_Work,7,45594,7737,0.1696933807079879,0.9461900066927027,0.9464255839959145,0.9462789689145676,0.9464914222538277,XGB,0.9464255839959145,-6.583825791317555e-05,0.05510223511041608,0.05249115380703626,0.053796694458726174,0.016421291358649746,0.008861745937476222,0.017878103928677107,0.02158057061240154,5,1,1,0,3,1,False
Charging_Stations_Near_Work,8,50675,8799,0.17363591514553528,0.9444301003256401,0.9447872504290236,0.9445635654938732,0.944802584234128,XGB,0.9447872504290236,-1.533380510443383e-05,0.054124530900086315,0.05510795360968942,0.05461624225488787,0.016250534203793198,0.008775030939480172,0.01759513387481409,0.02131034950904373,5,0,1,0,4,1,False
Charging_Stations_Near_Work,9,49745,8638,0.17364559252186149,0.9494357808902797,0.949746396233711,0.9497403018713414,0.9498147465917095,XGB,0.949746396233711,-6.835035799845901e-05,0.05164444253634675,0.05254165289071708,0.05209304771353192,0.016254654940987174,0.008935884196619075,0.017729880489845418,0.021460209813725834,5,0,0,0,5,0,False
Charging_Stations_Near_Work,10,15616,2560,0.16393442622950818,0.9513740539550781,0.952146178600835,0.9518690819833793,0.9520706625545725,XGB,0.952146178600835,7.551604626243602e-05,0.05348957866185226,0.048534185988713556,0.051011882325282906,0.017474098065612873,0.009266312838307133,0.01864544547825475,0.02269292819108738,5,0,5,0,0,5,True
Charging_Stations_Near_Work,11,15612,2629,0.1683961055598258,0.9485788493581755,0.9490785665322885,0.9490857444824927,0.9491437833370009,LGBM,0.9490857444824927,-5.8038854508168924e-05,0.05562599878555797,0.04929706615817455,0.05246153247186626,0.01755747370163393,0.009280979792280939,0.018710360975451104,0.022774407234682985,5,1,1,3,0,3,False
Charging_Stations_Near_Work,12,17308,2834,0.16373931130113242,0.9468889729901884,0.9469786624428355,0.9468828295430376,0.9470711676420932,XGB,0.9469786624428355,-9.250519925774192e-05,0.056228792185255665,0.05080859146502784,0.053518691825141754,0.017437815988382083,0.00930933194550813,0.018376325820528838,0.022561736877209523,5,0,0,0,5,0,False
Charging_Stations_Near_Work,13,17183,2838,0.16516324273991737,0.9505123539986996,0.9506418763821473,0.9504960193912669,0.9507101501285521,XGB,0.9506418763821473,-6.827374640483441e-05,0.05463449459669103,0.0487147286943362,0.05167461164551361,0.017054120018015016,0.009279959872688067,0.01828735980148124,0.022310719846092158,5,1,2,0,2,2,False
Charging_Stations_Near_Work,14,17366,2961,0.17050558562708742,0.9444947689159583,0.9450557584125273,0.9450660741672285,0.9451224708670778,LGBM,0.9450660741672285,-5.639669984924822e-05,0.053356387054581435,0.05557911895685243,0.054467753005716935,0.016937432151812263,0.00928486631275533,0.018084074312826017,0.02215318638869681,5,0,2,2,1,2,False
Charging_Stations_Near_Work,15,16306,2801,0.17177725990432968,0.9483498316899304,0.9486257156003284,0.9486675370210116,0.9487176857157246,LGBM,0.9486675370210116,-5.0148694712981445e-05,0.05440951356620493,0.050905549991952154,0.052657531779078545,0.016249120609800775,0.009208240733700622,0.017688423235663622,0.021572892289582507,5,0,1,1,3,1,False
Charging_Stations_Near_Work,16,20049,3477,0.17342510848421366,0.9464094278105335,0.946915355838939,0.9466614633412868,0.9469055677143501,XGB,0.946915355838939,9.788124588960834e-06,0.05348904231930764,0.05362498700098211,0.053557014660144876,0.01649003427503628,0.009388696563556051,0.017981105899617742,0.021929918369105038,5,0,2,0,3,2,False
Charging_Stations_Near_Work,17,18166,3100,0.17064846416382254,0.9483359240845656,0.9487547907486629,0.9486664910950956,0.9487864685705477,XGB,0.9487547907486629,-3.167782188484569e-05,0.05330723718888648,0.05198678917345838,0.05264701318117243,0.016974988439893354,0.009834757296178326,0.018395380791799358,0.022602563263935522,5,0,0,1,4,0,False
Charging_Stations_Near_Work,18,18113,3041,0.16789046541158284,0.9440787802893366,0.9442690868114536,0.9443804343993729,0.9444206556746405,LGBM,0.9443804343993729,-4.022127526759345e-05,0.05647467986024683,0.05316697488218305,0.054820827371214936,0.01704775829939185,0.009836907261969025,0.018618322079759154,0.022751493820560013,5,2,0,3,0,3,False
Charging_Stations_Near_Work,19,16934,2876,0.169835833234912,0.9469724053004333,0.9474308675700965,0.9471617287490273,0.9474289383482022,XGB,0.9474308675700965,1.9292218943478545e-06,0.054517501049391806,0.052123756540393286,0.05332062879489255,0.017047771735426556,0.010077483748722799,0.018652106123280845,0.0228886808037151,5,0,4,0,1,4,True
audit_disagreement_decile,D1,66868,26246,0.39250463599928215,0.9285729055607015,0.9286091166533235,0.9285941574304823,0.9286271842130194,XGB,0.9286091166533235,-1.806755969591123e-05,0.029570994546084427,0.11933171563438584,0.07445135509023514,0.0018833796748562147,0.0017798298594996489,0.0019066813212619792,0.002784945427808922,5,1,1,2,1,1,False
audit_disagreement_decile,D10,66867,1701,0.0254385571358069,0.9266847666908025,0.9351103209795711,0.9340552034407386,0.9347829473909195,XGB,0.9351103209795711,0.0003273735886516471,0.16606122900548842,0.011021256519605132,0.08854124276254678,0.05760923738187966,0.021773866197819982,0.06147815369747993,0.07043062863858979,5,0,4,0,1,4,True
audit_disagreement_decile,D2,66877,20218,0.30231619241293717,0.9126151425596365,0.9126253370612073,0.9126471793930013,0.9126730854267578,LGBM,0.9126471793930013,-2.5906033756517566e-05,0.04323096598331884,0.10454530798834893,0.07388813698583388,0.004028417033259789,0.003652124552637142,0.004227564746094251,0.00595405316599559,5,0,2,2,1,2,False
audit_disagreement_decile,D3,66864,17265,0.25821069633883703,0.9173385080637475,0.9173522481462639,0.9172136077241592,0.9173874163814353,XGB,0.9173522481462639,-3.51682351713567e-05,0.04808380572525325,0.09050206544342174,0.0692929355843375,0.005868207964787789,0.005034061804085399,0.006243078837981427,0.008572674303427308,5,1,0,0,4,0,False
audit_disagreement_decile,D4,66857,14595,0.21830174850800962,0.9244491149154951,0.9244801153342485,0.9244193455461034,0.9245459299338359,XGB,0.9244801153342485,-6.581459958743263e-05,0.05404201480126294,0.07471166330743455,0.06437683905434874,0.007788313291397841,0.006332416572558779,0.008410750510838921,0.01126574018739777,5,1,0,0,4,0,False
audit_disagreement_decile,D5,66879,12024,0.17978737720360652,0.928914145549026,0.9291296914268566,0.9289353652249477,0.9291626936628976,XGB,0.9291296914268566,-3.3002236040968747e-05,0.06185875441472,0.06154449775933507,0.061701626087027533,0.010017140232747595,0.007552035015206991,0.010938498130059069,0.014253836689006828,5,1,3,0,1,3,False
audit_disagreement_decile,D6,66854,9682,0.1448230472372633,0.9390640470220342,0.939119866906506,0.9390983661749157,0.939264517881462,XGB,0.939119866906506,-0.00014465097495608426,0.06700810101021802,0.048653159929393716,0.05783063046980587,0.012658802244937688,0.008897539642273527,0.013937358507694288,0.01774685019745275,5,0,0,1,4,0,False
audit_disagreement_decile,D7,66866,7036,0.1052253761253851,0.9453866291331219,0.94554830689987,0.9455230577027179,0.945710615362059,XGB,0.94554830689987,-0.00016230846218900918,0.07713337862100642,0.03638607211765968,0.05675972536933305,0.016079650229980813,0.010374197990522898,0.017769707753376676,0.022111777986940195,5,1,0,0,4,0,False
audit_disagreement_decile,D8,66876,4944,0.07392786649919253,0.9498378072218052,0.9502399244463131,0.9498635427241738,0.9503232627307914,XGB,0.9502399244463131,-8.333828447826264e-05,0.09255075031794183,0.025195698206617906,0.058873224262279866,0.020950407874538546,0.011947288218887768,0.023176559317187984,0.02803712770530714,5,0,1,0,4,1,False
audit_disagreement_decile,D9,66857,3068,0.04588898694227979,0.9465941054891224,0.9470034851292138,0.9466194089244235,0.9472310167670415,XGB,0.9470034851292138,-0.0002275316378276271,0.11924194354784293,0.017077986770926916,0.06815996515938492,0.02876875028370539,0.014031364497043002,0.03204363831421537,0.03742187654748187,5,1,0,0,4,0,False
