fold,feature,is_income_digit_feature,is_exact_frequency_feature,is_exact_te_feature,gain_importance
0,Age,False,False,False,0.024664591997861862
0,Annual_Income_USD,False,False,False,0.05938638746738434
0,Daily_Commute_km,False,False,False,0.01570628024637699
0,Number_of_Cars_Owned,False,False,False,0.014394722878932953
0,Charging_Stations_Near_Home,False,False,False,0.017990052700042725
0,Charging_Stations_Near_Work,False,False,False,0.015066737309098244
0,Environmental_Concern_Level,False,False,False,0.0848526656627655
0,Gender,False,False,False,0.012501008808612823
0,City_Type,False,False,False,0.014951811172068119
0,Current_Car_Type,False,False,False,0.013742768205702305
0,Home_Charging_Possible,False,False,False,0.0358961783349514
0,Subsidy_Available,False,False,False,0.015042675659060478
0,Range_Anxiety_Level,False,False,False,0.02698034979403019
0,FE__income_digit_ones,True,False,False,0.014167329296469688
0,FE__income_digit_tens,True,False,False,0.01457542646676302
0,FE__income_digit_hundreds,True,False,False,0.014072366058826447
0,FE__income_digit_thousands,True,False,False,0.02005750499665737
0,FE__income_digit_ten_thousands,True,False,False,0.028475075960159302
0,FE__income_digit_hundred_thousands,True,False,False,0.23937763273715973
0,FE__income_last2,True,False,False,0.014706196263432503
0,FE__income_last3,True,False,False,0.015133713372051716
0,FE__income_exact_frequency_count,False,True,False,0.01831239089369774
0,FE__income_exact_frequency_log1p,False,True,False,0.020833805203437805
0,FE__income_exact_frequency_rate,False,True,False,0.0307936891913414
0,FE__commute_exact_frequency_count,False,True,False,0.013698403723537922
0,FE__commute_exact_frequency_log1p,False,True,False,0.013605442829430103
0,FE__commute_exact_frequency_rate,False,True,False,0.020869912579655647
0,TE__Annual_Income_USD_exact,False,False,True,0.1309640258550644
0,TE__Daily_Commute_km_exact,False,False,True,0.039180874824523926
1,Age,False,False,False,0.022078443318605423
1,Annual_Income_USD,False,False,False,0.04865995794534683
1,Daily_Commute_km,False,False,False,0.01416832022368908
1,Number_of_Cars_Owned,False,False,False,0.013795598410069942
1,Charging_Stations_Near_Home,False,False,False,0.01548619382083416
1,Charging_Stations_Near_Work,False,False,False,0.013291491195559502
1,Environmental_Concern_Level,False,False,False,0.0668235719203949
1,Gender,False,False,False,0.012495906092226505
1,City_Type,False,False,False,0.015354510396718979
1,Current_Car_Type,False,False,False,0.013498080894351006
1,Home_Charging_Possible,False,False,False,0.033480145037174225
1,Subsidy_Available,False,False,False,0.017281923443078995
1,Range_Anxiety_Level,False,False,False,0.027830541133880615
1,FE__income_digit_ones,True,False,False,0.012964198365807533
1,FE__income_digit_tens,True,False,False,0.013015859760344028
1,FE__income_digit_hundreds,True,False,False,0.015802357345819473
1,FE__income_digit_thousands,True,False,False,0.017424102872610092
1,FE__income_digit_ten_thousands,True,False,False,0.02633582055568695
1,FE__income_digit_hundred_thousands,True,False,False,0.3576112687587738
1,FE__income_last2,True,False,False,0.013527480885386467
1,FE__income_last3,True,False,False,0.013966705650091171
1,FE__income_exact_frequency_count,False,True,False,0.0163071658462286
1,FE__income_exact_frequency_log1p,False,True,False,0.017940504476428032
1,FE__income_exact_frequency_rate,False,True,False,0.01597951166331768
1,FE__commute_exact_frequency_count,False,True,False,0.012504384852945805
1,FE__commute_exact_frequency_log1p,False,True,False,0.011995051056146622
1,FE__commute_exact_frequency_rate,False,True,False,0.008251141756772995
1,TE__Annual_Income_USD_exact,False,False,True,0.10078708082437515
1,TE__Daily_Commute_km_exact,False,False,True,0.03134272247552872
2,Age,False,False,False,0.02259000763297081
2,Annual_Income_USD,False,False,False,0.055590126663446426
2,Daily_Commute_km,False,False,False,0.01564096286892891
2,Number_of_Cars_Owned,False,False,False,0.013188936747610569
2,Charging_Stations_Near_Home,False,False,False,0.017235442996025085
2,Charging_Stations_Near_Work,False,False,False,0.014199705794453621
2,Environmental_Concern_Level,False,False,False,0.06822365522384644
2,Gender,False,False,False,0.012028814293444157
2,City_Type,False,False,False,0.01514579076319933
2,Current_Car_Type,False,False,False,0.012780186720192432
2,Home_Charging_Possible,False,False,False,0.030818920582532883
2,Subsidy_Available,False,False,False,0.015617148950695992
2,Range_Anxiety_Level,False,False,False,0.02390206791460514
2,FE__income_digit_ones,True,False,False,0.013732141815125942
2,FE__income_digit_tens,True,False,False,0.012608470395207405
2,FE__income_digit_hundreds,True,False,False,0.016028832644224167
2,FE__income_digit_thousands,True,False,False,0.01869441568851471
2,FE__income_digit_ten_thousands,True,False,False,0.03060116432607174
2,FE__income_digit_hundred_thousands,True,False,False,0.3266301453113556
2,FE__income_last2,True,False,False,0.013004769571125507
2,FE__income_last3,True,False,False,0.014834756031632423
2,FE__income_exact_frequency_count,False,True,False,0.01703253574669361
2,FE__income_exact_frequency_log1p,False,True,False,0.016049057245254517
2,FE__income_exact_frequency_rate,False,True,False,0.0188400000333786
2,FE__commute_exact_frequency_count,False,True,False,0.012276140972971916
2,FE__commute_exact_frequency_log1p,False,True,False,0.013098156079649925
2,FE__commute_exact_frequency_rate,False,True,False,0.011444739066064358
2,TE__Annual_Income_USD_exact,False,False,True,0.11409047245979309
2,TE__Daily_Commute_km_exact,False,False,True,0.034072380512952805
3,Age,False,False,False,0.02218046970665455
3,Annual_Income_USD,False,False,False,0.052930302917957306
3,Daily_Commute_km,False,False,False,0.014641809277236462
3,Number_of_Cars_Owned,False,False,False,0.012759681791067123
3,Charging_Stations_Near_Home,False,False,False,0.01574227213859558
3,Charging_Stations_Near_Work,False,False,False,0.013414324261248112
3,Environmental_Concern_Level,False,False,False,0.0681326761841774
3,Gender,False,False,False,0.011309725232422352
3,City_Type,False,False,False,0.014646848663687706
3,Current_Car_Type,False,False,False,0.012875845655798912
3,Home_Charging_Possible,False,False,False,0.034835685044527054
3,Subsidy_Available,False,False,False,0.01726880669593811
3,Range_Anxiety_Level,False,False,False,0.02433498203754425
3,FE__income_digit_ones,True,False,False,0.011600661091506481
3,FE__income_digit_tens,True,False,False,0.012708434835076332
3,FE__income_digit_hundreds,True,False,False,0.01444143895059824
3,FE__income_digit_thousands,True,False,False,0.017477840185165405
3,FE__income_digit_ten_thousands,True,False,False,0.034200042486190796
3,FE__income_digit_hundred_thousands,True,False,False,0.3273932635784149
3,FE__income_last2,True,False,False,0.012203263118863106
3,FE__income_last3,True,False,False,0.013819926418364048
3,FE__income_exact_frequency_count,False,True,False,0.01647917740046978
3,FE__income_exact_frequency_log1p,False,True,False,0.014971249736845493
3,FE__income_exact_frequency_rate,False,True,False,0.011385846883058548
3,FE__commute_exact_frequency_count,False,True,False,0.012020313180983067
3,FE__commute_exact_frequency_log1p,False,True,False,0.011301660910248756
3,FE__commute_exact_frequency_rate,False,True,False,0.018392113968729973
3,TE__Annual_Income_USD_exact,False,False,True,0.12074760347604752
3,TE__Daily_Commute_km_exact,False,False,True,0.03578377142548561
4,Age,False,False,False,0.021971730515360832
4,Annual_Income_USD,False,False,False,0.05286294221878052
4,Daily_Commute_km,False,False,False,0.01387965027242899
4,Number_of_Cars_Owned,False,False,False,0.012605472467839718
4,Charging_Stations_Near_Home,False,False,False,0.015616188757121563
4,Charging_Stations_Near_Work,False,False,False,0.013432979583740234
4,Environmental_Concern_Level,False,False,False,0.07201651483774185
4,Gender,False,False,False,0.010888096876442432
4,City_Type,False,False,False,0.01363912969827652
4,Current_Car_Type,False,False,False,0.012423810549080372
4,Home_Charging_Possible,False,False,False,0.03602713719010353
4,Subsidy_Available,False,False,False,0.014158631674945354
4,Range_Anxiety_Level,False,False,False,0.023406364023685455
4,FE__income_digit_ones,True,False,False,0.01254055555909872
4,FE__income_digit_tens,True,False,False,0.012052394449710846
4,FE__income_digit_hundreds,True,False,False,0.016556844115257263
4,FE__income_digit_thousands,True,False,False,0.01683153584599495
4,FE__income_digit_ten_thousands,True,False,False,0.03350196033716202
4,FE__income_digit_hundred_thousands,True,False,False,0.33078572154045105
4,FE__income_last2,True,False,False,0.012180767022073269
4,FE__income_last3,True,False,False,0.013932574540376663
4,FE__income_exact_frequency_count,False,True,False,0.01587357185781002
4,FE__income_exact_frequency_log1p,False,True,False,0.018433986231684685
4,FE__income_exact_frequency_rate,False,True,False,0.014165474101901054
4,FE__commute_exact_frequency_count,False,True,False,0.012014918960630894
4,FE__commute_exact_frequency_log1p,False,True,False,0.013206553645431995
4,FE__commute_exact_frequency_rate,False,True,False,0.014292445033788681
4,TE__Annual_Income_USD_exact,False,False,True,0.11524754762649536
4,TE__Daily_Commute_km_exact,False,False,True,0.035454533994197845
