fold,feature,is_income_digit_feature,is_exact_frequency_feature,is_all_feature_frequency_extension,is_exact_te_feature,gain_importance
0,Age,False,False,False,False,0.018306251615285873
0,Annual_Income_USD,False,False,False,False,0.05599139258265495
0,Daily_Commute_km,False,False,False,False,0.012168435379862785
0,Number_of_Cars_Owned,False,False,False,False,0.01176003273576498
0,Charging_Stations_Near_Home,False,False,False,False,0.013835222460329533
0,Charging_Stations_Near_Work,False,False,False,False,0.0125871067866683
0,Environmental_Concern_Level,False,False,False,False,0.047053657472133636
0,Gender,False,False,False,False,0.010333533398807049
0,City_Type,False,False,False,False,0.012479064986109734
0,Current_Car_Type,False,False,False,False,0.010602260939776897
0,Home_Charging_Possible,False,False,False,False,0.027440113946795464
0,Subsidy_Available,False,False,False,False,0.012527036480605602
0,Range_Anxiety_Level,False,False,False,False,0.019768645986914635
0,FE__income_digit_ones,True,False,False,False,0.01127922348678112
0,FE__income_digit_tens,True,False,False,False,0.011746042408049107
0,FE__income_digit_hundreds,True,False,False,False,0.01225744467228651
0,FE__income_digit_thousands,True,False,False,False,0.015818336978554726
0,FE__income_digit_ten_thousands,True,False,False,False,0.022236045449972153
0,FE__income_digit_hundred_thousands,True,False,False,False,0.16535471379756927
0,FE__income_last2,True,False,False,False,0.011182978749275208
0,FE__income_last3,True,False,False,False,0.012255296111106873
0,FE__income_exact_frequency_count,False,True,False,False,0.01520121656358242
0,FE__income_exact_frequency_log1p,False,True,False,False,0.018741318956017494
0,FE__income_exact_frequency_rate,False,True,False,False,0.014812073670327663
0,FE__commute_exact_frequency_count,False,True,False,False,0.010953342542052269
0,FE__commute_exact_frequency_log1p,False,True,False,False,0.011098342016339302
0,FE__commute_exact_frequency_rate,False,True,False,False,0.016157804057002068
0,FE__Age__frequency_log1p,False,False,True,False,0.019882572814822197
0,FE__Number_of_Cars_Owned__frequency_log1p,False,False,True,False,0.009903457947075367
0,FE__Charging_Stations_Near_Home__frequency_log1p,False,False,True,False,0.013284233398735523
0,FE__Charging_Stations_Near_Work__frequency_log1p,False,False,True,False,0.012148759327828884
0,FE__Environmental_Concern_Level__frequency_log1p,False,False,True,False,0.0857727974653244
0,FE__Gender__frequency_log1p,False,False,True,False,0.010317351669073105
0,FE__City_Type__frequency_log1p,False,False,True,False,0.013508406467735767
0,FE__Current_Car_Type__frequency_log1p,False,False,True,False,0.014708520844578743
0,FE__Home_Charging_Possible__frequency_log1p,False,False,True,False,0.013525363057851791
0,FE__Subsidy_Available__frequency_log1p,False,False,True,False,0.010197741910815239
0,FE__Range_Anxiety_Level__frequency_log1p,False,False,True,False,0.02236456423997879
0,TE__Annual_Income_USD_exact,False,False,False,True,0.12120310962200165
0,TE__Daily_Commute_km_exact,False,False,False,True,0.039236169308423996
1,Age,False,False,False,False,0.017909880727529526
1,Annual_Income_USD,False,False,False,False,0.05090353265404701
1,Daily_Commute_km,False,False,False,False,0.01180222723633051
1,Number_of_Cars_Owned,False,False,False,False,0.011600847356021404
1,Charging_Stations_Near_Home,False,False,False,False,0.013125505298376083
1,Charging_Stations_Near_Work,False,False,False,False,0.011571677401661873
1,Environmental_Concern_Level,False,False,False,False,0.039671897888183594
1,Gender,False,False,False,False,0.011137884110212326
1,City_Type,False,False,False,False,0.01138420682400465
1,Current_Car_Type,False,False,False,False,0.010827851481735706
1,Home_Charging_Possible,False,False,False,False,0.027077971026301384
1,Subsidy_Available,False,False,False,False,0.013516012579202652
1,Range_Anxiety_Level,False,False,False,False,0.024457724764943123
1,FE__income_digit_ones,True,False,False,False,0.011191919445991516
1,FE__income_digit_tens,True,False,False,False,0.009916780516505241
1,FE__income_digit_hundreds,True,False,False,False,0.014577798545360565
1,FE__income_digit_thousands,True,False,False,False,0.015468328259885311
1,FE__income_digit_ten_thousands,True,False,False,False,0.02386997826397419
1,FE__income_digit_hundred_thousands,True,False,False,False,0.17997832596302032
1,FE__income_last2,True,False,False,False,0.011158717796206474
1,FE__income_last3,True,False,False,False,0.01202867366373539
1,FE__income_exact_frequency_count,False,True,False,False,0.014590717852115631
1,FE__income_exact_frequency_log1p,False,True,False,False,0.01633560098707676
1,FE__income_exact_frequency_rate,False,True,False,False,0.0107206329703331
1,FE__commute_exact_frequency_count,False,True,False,False,0.010724888183176517
1,FE__commute_exact_frequency_log1p,False,True,False,False,0.010452975519001484
1,FE__commute_exact_frequency_rate,False,True,False,False,0.011691954918205738
1,FE__Age__frequency_log1p,False,False,True,False,0.018692295998334885
1,FE__Number_of_Cars_Owned__frequency_log1p,False,False,True,False,0.011803757399320602
1,FE__Charging_Stations_Near_Home__frequency_log1p,False,False,True,False,0.011768229305744171
1,FE__Charging_Stations_Near_Work__frequency_log1p,False,False,True,False,0.011898040771484375
1,FE__Environmental_Concern_Level__frequency_log1p,False,False,True,False,0.09770405292510986
1,FE__Gender__frequency_log1p,False,False,True,False,0.008591469377279282
1,FE__City_Type__frequency_log1p,False,False,True,False,0.011674980632960796
1,FE__Current_Car_Type__frequency_log1p,False,False,True,False,0.013793637976050377
1,FE__Home_Charging_Possible__frequency_log1p,False,False,True,False,0.026311524212360382
1,FE__Subsidy_Available__frequency_log1p,False,False,True,False,0.014594221487641335
1,FE__Range_Anxiety_Level__frequency_log1p,False,False,True,False,0.02292792685329914
1,TE__Annual_Income_USD_exact,False,False,False,True,0.10856758058071136
1,TE__Daily_Commute_km_exact,False,False,False,True,0.03397781401872635
2,Age,False,False,False,False,0.019630098715424538
2,Annual_Income_USD,False,False,False,False,0.05831337347626686
2,Daily_Commute_km,False,False,False,False,0.013981036841869354
2,Number_of_Cars_Owned,False,False,False,False,0.013174840249121189
2,Charging_Stations_Near_Home,False,False,False,False,0.0168143380433321
2,Charging_Stations_Near_Work,False,False,False,False,0.014186938293278217
2,Environmental_Concern_Level,False,False,False,False,0.04644899070262909
2,Gender,False,False,False,False,0.01213356014341116
2,City_Type,False,False,False,False,0.013582789339125156
2,Current_Car_Type,False,False,False,False,0.012861416675150394
2,Home_Charging_Possible,False,False,False,False,0.026790132746100426
2,Subsidy_Available,False,False,False,False,0.01339307613670826
2,Range_Anxiety_Level,False,False,False,False,0.020692653954029083
2,FE__income_digit_ones,True,False,False,False,0.012507257051765919
2,FE__income_digit_tens,True,False,False,False,0.012217791751027107
2,FE__income_digit_hundreds,True,False,False,False,0.014267537742853165
2,FE__income_digit_thousands,True,False,False,False,0.0172159094363451
2,FE__income_digit_ten_thousands,True,False,False,False,0.024381646886467934
2,FE__income_digit_hundred_thousands,True,False,False,False,0.11512534320354462
2,FE__income_last2,True,False,False,False,0.012442980892956257
2,FE__income_last3,True,False,False,False,0.014323954470455647
2,FE__income_exact_frequency_count,False,True,False,False,0.016322854906320572
2,FE__income_exact_frequency_log1p,False,True,False,False,0.018372757360339165
2,FE__income_exact_frequency_rate,False,True,False,False,0.012180374935269356
2,FE__commute_exact_frequency_count,False,True,False,False,0.012360597960650921
2,FE__commute_exact_frequency_log1p,False,True,False,False,0.01305531058460474
2,FE__commute_exact_frequency_rate,False,True,False,False,0.01006754394620657
2,FE__Age__frequency_log1p,False,False,True,False,0.021522458642721176
2,FE__Number_of_Cars_Owned__frequency_log1p,False,False,True,False,0.012570922262966633
2,FE__Charging_Stations_Near_Home__frequency_log1p,False,False,True,False,0.012897537089884281
2,FE__Charging_Stations_Near_Work__frequency_log1p,False,False,True,False,0.013518336229026318
2,FE__Environmental_Concern_Level__frequency_log1p,False,False,True,False,0.08351029455661774
2,FE__Gender__frequency_log1p,False,False,True,False,0.012104026041924953
2,FE__City_Type__frequency_log1p,False,False,True,False,0.01680651307106018
2,FE__Current_Car_Type__frequency_log1p,False,False,True,False,0.01307256892323494
2,FE__Home_Charging_Possible__frequency_log1p,False,False,True,False,0.03047807887196541
2,FE__Subsidy_Available__frequency_log1p,False,False,True,False,0.010752689093351364
2,FE__Range_Anxiety_Level__frequency_log1p,False,False,True,False,0.03238305449485779
2,TE__Annual_Income_USD_exact,False,False,False,True,0.1174057126045227
2,TE__Daily_Commute_km_exact,False,False,False,True,0.03613268956542015
3,Age,False,False,False,False,0.01969210058450699
3,Annual_Income_USD,False,False,False,False,0.0545467883348465
3,Daily_Commute_km,False,False,False,False,0.01385974045842886
3,Number_of_Cars_Owned,False,False,False,False,0.012575271539390087
3,Charging_Stations_Near_Home,False,False,False,False,0.015279303304851055
3,Charging_Stations_Near_Work,False,False,False,False,0.013469799421727657
3,Environmental_Concern_Level,False,False,False,False,0.04491459205746651
3,Gender,False,False,False,False,0.011540951207280159
3,City_Type,False,False,False,False,0.01381771918386221
3,Current_Car_Type,False,False,False,False,0.01327206939458847
3,Home_Charging_Possible,False,False,False,False,0.031753238290548325
3,Subsidy_Available,False,False,False,False,0.014028340578079224
3,Range_Anxiety_Level,False,False,False,False,0.02314312383532524
3,FE__income_digit_ones,True,False,False,False,0.011826573871076107
3,FE__income_digit_tens,True,False,False,False,0.010678785853087902
3,FE__income_digit_hundreds,True,False,False,False,0.014772399328649044
3,FE__income_digit_thousands,True,False,False,False,0.015660198405385017
3,FE__income_digit_ten_thousands,True,False,False,False,0.029969045892357826
3,FE__income_digit_hundred_thousands,True,False,False,False,0.12932363152503967
3,FE__income_last2,True,False,False,False,0.011724931187927723
3,FE__income_last3,True,False,False,False,0.013375567272305489
3,FE__income_exact_frequency_count,False,True,False,False,0.01564444787800312
3,FE__income_exact_frequency_log1p,False,True,False,False,0.017764251679182053
3,FE__income_exact_frequency_rate,False,True,False,False,0.012297607026994228
3,FE__commute_exact_frequency_count,False,True,False,False,0.012104805558919907
3,FE__commute_exact_frequency_log1p,False,True,False,False,0.011115928180515766
3,FE__commute_exact_frequency_rate,False,True,False,False,0.009557424113154411
3,FE__Age__frequency_log1p,False,False,True,False,0.019785284996032715
3,FE__Number_of_Cars_Owned__frequency_log1p,False,False,True,False,0.011847710236907005
3,FE__Charging_Stations_Near_Home__frequency_log1p,False,False,True,False,0.013339479453861713
3,FE__Charging_Stations_Near_Work__frequency_log1p,False,False,True,False,0.012530920095741749
3,FE__Environmental_Concern_Level__frequency_log1p,False,False,True,False,0.08447027951478958
3,FE__Gender__frequency_log1p,False,False,True,False,0.011682865209877491
3,FE__City_Type__frequency_log1p,False,False,True,False,0.017758604139089584
3,FE__Current_Car_Type__frequency_log1p,False,False,True,False,0.0129868034273386
3,FE__Home_Charging_Possible__frequency_log1p,False,False,True,False,0.028013180941343307
3,FE__Subsidy_Available__frequency_log1p,False,False,True,False,0.008765153586864471
3,FE__Range_Anxiety_Level__frequency_log1p,False,False,True,False,0.026620538905262947
3,TE__Annual_Income_USD_exact,False,False,False,True,0.11758340150117874
3,TE__Daily_Commute_km_exact,False,False,False,True,0.03690706193447113
4,Age,False,False,False,False,0.019596310332417488
4,Annual_Income_USD,False,False,False,False,0.05385652184486389
4,Daily_Commute_km,False,False,False,False,0.01277294009923935
4,Number_of_Cars_Owned,False,False,False,False,0.012215930968523026
4,Charging_Stations_Near_Home,False,False,False,False,0.01521750446408987
4,Charging_Stations_Near_Work,False,False,False,False,0.012994245626032352
4,Environmental_Concern_Level,False,False,False,False,0.04696175083518028
4,Gender,False,False,False,False,0.011062415316700935
4,City_Type,False,False,False,False,0.013202248141169548
4,Current_Car_Type,False,False,False,False,0.011477519758045673
4,Home_Charging_Possible,False,False,False,False,0.03190971910953522
4,Subsidy_Available,False,False,False,False,0.011198775842785835
4,Range_Anxiety_Level,False,False,False,False,0.022723808884620667
4,FE__income_digit_ones,True,False,False,False,0.012154730036854744
4,FE__income_digit_tens,True,False,False,False,0.011166098527610302
4,FE__income_digit_hundreds,True,False,False,False,0.01606500893831253
4,FE__income_digit_thousands,True,False,False,False,0.015067140571773052
4,FE__income_digit_ten_thousands,True,False,False,False,0.021642422303557396
4,FE__income_digit_hundred_thousands,True,False,False,False,0.1644170731306076
4,FE__income_last2,True,False,False,False,0.01151255238801241
4,FE__income_last3,True,False,False,False,0.013422000221908092
4,FE__income_exact_frequency_count,False,True,False,False,0.015374979935586452
4,FE__income_exact_frequency_log1p,False,True,False,False,0.01640029065310955
4,FE__income_exact_frequency_rate,False,True,False,False,0.015906639397144318
4,FE__commute_exact_frequency_count,False,True,False,False,0.011837984435260296
4,FE__commute_exact_frequency_log1p,False,True,False,False,0.012157240882515907
4,FE__commute_exact_frequency_rate,False,True,False,False,0.010079135186970234
4,FE__Age__frequency_log1p,False,False,True,False,0.01928953267633915
4,FE__Number_of_Cars_Owned__frequency_log1p,False,False,True,False,0.011703144758939743
4,FE__Charging_Stations_Near_Home__frequency_log1p,False,False,True,False,0.01324795838445425
4,FE__Charging_Stations_Near_Work__frequency_log1p,False,False,True,False,0.012094034813344479
4,FE__Environmental_Concern_Level__frequency_log1p,False,False,True,False,0.07696697860956192
4,FE__Gender__frequency_log1p,False,False,True,False,0.01092419121414423
4,FE__City_Type__frequency_log1p,False,False,True,False,0.01122052501887083
4,FE__Current_Car_Type__frequency_log1p,False,False,True,False,0.013837240636348724
4,FE__Home_Charging_Possible__frequency_log1p,False,False,True,False,0.0245997104793787
4,FE__Subsidy_Available__frequency_log1p,False,False,True,False,0.014144597575068474
4,FE__Range_Anxiety_Level__frequency_log1p,False,False,True,False,0.020836930721998215
4,TE__Annual_Income_USD_exact,False,False,False,True,0.11290639638900757
4,TE__Daily_Commute_km_exact,False,False,False,True,0.03583583980798721
