cat_weight,xgb_weight,full_oof_auc_diagnostic_only,delta_vs_cat_diagnostic_only,folds_beating_cat,minimum_fold_delta_vs_cat,mean_fold_delta_vs_cat
0.8,0.19999999999999996,0.9455001099257787,6.055372398561243e-05,5,9.901607625151243e-06,6.0763003444841425e-05
0.85,0.15000000000000002,0.9454977795605238,5.82233587307357e-05,5,2.0466529088492003e-05,5.84743651780073e-05
0.75,0.25,0.9454941479431684,5.459174137534273e-05,4,-8.529207414009754e-06,5.5100320419021466e-05
0.9,0.09999999999999998,0.9454874107703103,4.785456851719161e-05,5,2.2163410015929585e-05,4.7949681856751526e-05
0.7,0.30000000000000004,0.9454800933995151,4.0537197722012586e-05,4,-3.559144226317201e-05,4.115217175320041e-05
0.95,0.050000000000000044,0.9454683831701967,2.882696840356136e-05,5,1.5595051404693194e-05,2.8802945433170635e-05
1.0,0.0,0.9454395562017931,0.0,0,0.0,0.0
0.6,0.4,0.9454274721014455,-1.208410034758689e-05,3,-0.00011418133131879671,-1.1128177495023373e-05
0.5,0.5,0.9453417240504824,-9.78321513106506e-05,0,-0.00022413801292198166,-9.667623204723252e-05
