fold,feature,is_income_digit_feature,is_commute_digit_feature,is_exact_te_feature,gain_importance
0,Age,False,False,False,0.0015989033272489905
0,Annual_Income_USD,False,False,False,0.0051094586960971355
0,Daily_Commute_km,False,False,False,0.001002700999379158
0,Number_of_Cars_Owned,False,False,False,0.0009361160336993635
0,Charging_Stations_Near_Home,False,False,False,0.0011213455582037568
0,Charging_Stations_Near_Work,False,False,False,0.0009653643937781453
0,Environmental_Concern_Level,False,False,False,0.26647478342056274
0,Gender,False,False,False,0.0008115514065138996
0,City_Type,False,False,False,0.0009715138003230095
0,Current_Car_Type,False,False,False,0.0009052451350726187
0,Home_Charging_Possible,False,False,False,0.0041039614006876945
0,Subsidy_Available,False,False,False,0.5380947589874268
0,Range_Anxiety_Level,False,False,False,0.03671172633767128
0,FE__income_digit_ones,True,False,False,0.0009198816842399538
0,FE__income_digit_tens,True,False,False,0.0007943928940221667
0,FE__income_digit_hundreds,True,False,False,0.0010074364254251122
0,FE__income_digit_thousands,True,False,False,0.0012786553706973791
0,FE__income_digit_ten_thousands,True,False,False,0.0012908420758321881
0,FE__income_digit_hundred_thousands,True,False,False,0.10366549342870712
0,FE__income_last2,True,False,False,0.0009347862214781344
0,FE__income_last3,True,False,False,0.001014901790767908
0,FE__commute_digit_tenths,False,True,False,0.0009324571001343429
0,FE__commute_digit_ones,False,True,False,0.0010705010499805212
0,FE__commute_digit_tens,False,True,False,0.0011190974619239569
0,FE__commute_integer_km,False,True,False,0.0009263086249120533
0,FE__commute_last2_scaled,False,True,False,0.0009198679472319782
0,TE__Annual_Income_USD_exact,False,False,True,0.02247072570025921
0,TE__Daily_Commute_km_exact,False,False,True,0.002847208408638835
1,Age,False,False,False,0.0016455873847007751
1,Annual_Income_USD,False,False,False,0.0055745248682796955
1,Daily_Commute_km,False,False,False,0.0010552561143413186
1,Number_of_Cars_Owned,False,False,False,0.0010219651740044355
1,Charging_Stations_Near_Home,False,False,False,0.0011780328350141644
1,Charging_Stations_Near_Work,False,False,False,0.0010078492341563106
1,Environmental_Concern_Level,False,False,False,0.2741851806640625
1,Gender,False,False,False,0.0008890997269190848
1,City_Type,False,False,False,0.001045376411639154
1,Current_Car_Type,False,False,False,0.0010442751226946712
1,Home_Charging_Possible,False,False,False,0.005311946384608746
1,Subsidy_Available,False,False,False,0.5645272731781006
1,Range_Anxiety_Level,False,False,False,0.038879282772541046
1,FE__income_digit_ones,True,False,False,0.000989754218608141
1,FE__income_digit_tens,True,False,False,0.0009400941780768335
1,FE__income_digit_hundreds,True,False,False,0.0011610521469265223
1,FE__income_digit_thousands,True,False,False,0.0012858217814937234
1,FE__income_digit_ten_thousands,True,False,False,0.0013117907801643014
1,FE__income_digit_hundred_thousands,True,False,False,0.06508903950452805
1,FE__income_last2,True,False,False,0.0009995951550081372
1,FE__income_last3,True,False,False,0.0011065617436543107
1,FE__commute_digit_tenths,False,True,False,0.0009283580002374947
1,FE__commute_digit_ones,False,True,False,0.0010163476690649986
1,FE__commute_digit_tens,False,True,False,0.0010378019651398063
1,FE__commute_integer_km,False,True,False,0.001141810673289001
1,FE__commute_last2_scaled,False,True,False,0.0009976153960451484
1,TE__Annual_Income_USD_exact,False,False,True,0.021755920723080635
1,TE__Daily_Commute_km_exact,False,False,True,0.002872755052521825
2,Age,False,False,False,0.0016981333028525114
2,Annual_Income_USD,False,False,False,0.0059879678301513195
2,Daily_Commute_km,False,False,False,0.0011121107963845134
2,Number_of_Cars_Owned,False,False,False,0.0009870111243799329
2,Charging_Stations_Near_Home,False,False,False,0.0013112694723531604
2,Charging_Stations_Near_Work,False,False,False,0.0010356667917221785
2,Environmental_Concern_Level,False,False,False,0.2620183229446411
2,Gender,False,False,False,0.000946642889175564
2,City_Type,False,False,False,0.0010182574624195695
2,Current_Car_Type,False,False,False,0.0010043284855782986
2,Home_Charging_Possible,False,False,False,0.0049108704552054405
2,Subsidy_Available,False,False,False,0.5376233458518982
2,Range_Anxiety_Level,False,False,False,0.040294572710990906
2,FE__income_digit_ones,True,False,False,0.0009721471578814089
2,FE__income_digit_tens,True,False,False,0.0009886666666716337
2,FE__income_digit_hundreds,True,False,False,0.001338306930847466
2,FE__income_digit_thousands,True,False,False,0.0012307444121688604
2,FE__income_digit_ten_thousands,True,False,False,0.001322055933997035
2,FE__income_digit_hundred_thousands,True,False,False,0.09935576468706131
2,FE__income_last2,True,False,False,0.0009865696774795651
2,FE__income_last3,True,False,False,0.0011104808654636145
2,FE__commute_digit_tenths,False,True,False,0.0009340497199445963
2,FE__commute_digit_ones,False,True,False,0.0011940336553379893
2,FE__commute_digit_tens,False,True,False,0.0010533903259783983
2,FE__commute_integer_km,False,True,False,0.0011707666562870145
2,FE__commute_last2_scaled,False,True,False,0.0010280380956828594
2,TE__Annual_Income_USD_exact,False,False,True,0.024223528802394867
2,TE__Daily_Commute_km_exact,False,False,True,0.0031430372036993504
3,Age,False,False,False,0.0017417656490579247
3,Annual_Income_USD,False,False,False,0.0060976059176027775
3,Daily_Commute_km,False,False,False,0.0010326874908059835
3,Number_of_Cars_Owned,False,False,False,0.0009723487892188132
3,Charging_Stations_Near_Home,False,False,False,0.0012509037042036653
3,Charging_Stations_Near_Work,False,False,False,0.0009939552983269095
3,Environmental_Concern_Level,False,False,False,0.26594772934913635
3,Gender,False,False,False,0.0008622859604656696
3,City_Type,False,False,False,0.000989723950624466
3,Current_Car_Type,False,False,False,0.0010038737673312426
3,Home_Charging_Possible,False,False,False,0.00594289368018508
3,Subsidy_Available,False,False,False,0.5380409359931946
3,Range_Anxiety_Level,False,False,False,0.037485841661691666
3,FE__income_digit_ones,True,False,False,0.0008917471277527511
3,FE__income_digit_tens,True,False,False,0.0009143351344391704
3,FE__income_digit_hundreds,True,False,False,0.0011364506790414453
3,FE__income_digit_thousands,True,False,False,0.0011999263660982251
3,FE__income_digit_ten_thousands,True,False,False,0.0012367836898192763
3,FE__income_digit_hundred_thousands,True,False,False,0.09608682990074158
3,FE__income_last2,True,False,False,0.000913608877453953
3,FE__income_last3,True,False,False,0.001047902274876833
3,FE__commute_digit_tenths,False,True,False,0.0009768049931153655
3,FE__commute_digit_ones,False,True,False,0.0009239192586392164
3,FE__commute_digit_tens,False,True,False,0.0011841696687042713
3,FE__commute_integer_km,False,True,False,0.0013740594731643796
3,FE__commute_last2_scaled,False,True,False,0.0009150801342912018
3,TE__Annual_Income_USD_exact,False,False,True,0.025354638695716858
3,TE__Daily_Commute_km_exact,False,False,True,0.0034812057856470346
4,Age,False,False,False,0.0017059316160157323
4,Annual_Income_USD,False,False,False,0.006323609035462141
4,Daily_Commute_km,False,False,False,0.001063669566065073
4,Number_of_Cars_Owned,False,False,False,0.0010458355536684394
4,Charging_Stations_Near_Home,False,False,False,0.0012750828173011541
4,Charging_Stations_Near_Work,False,False,False,0.0010298298439010978
4,Environmental_Concern_Level,False,False,False,0.275472491979599
4,Gender,False,False,False,0.0008788363193161786
4,City_Type,False,False,False,0.001123121241107583
4,Current_Car_Type,False,False,False,0.0010151257738471031
4,Home_Charging_Possible,False,False,False,0.005958118475973606
4,Subsidy_Available,False,False,False,0.566747784614563
4,Range_Anxiety_Level,False,False,False,0.0410025417804718
4,FE__income_digit_ones,True,False,False,0.00094363879179582
4,FE__income_digit_tens,True,False,False,0.0009817701065912843
4,FE__income_digit_hundreds,True,False,False,0.0013089070562273264
4,FE__income_digit_thousands,True,False,False,0.0013135867193341255
4,FE__income_digit_ten_thousands,True,False,False,0.0013927656691521406
4,FE__income_digit_hundred_thousands,True,False,False,0.056316860020160675
4,FE__income_last2,True,False,False,0.0009663149248808622
4,FE__income_last3,True,False,False,0.0011200979351997375
4,FE__commute_digit_tenths,False,True,False,0.0008603130700066686
4,FE__commute_digit_ones,False,True,False,0.0010849302634596825
4,FE__commute_digit_tens,False,True,False,0.0008924597641453147
4,FE__commute_integer_km,False,True,False,0.0013015081640332937
4,FE__commute_last2_scaled,False,True,False,0.0009543473715893924
4,TE__Annual_Income_USD_exact,False,False,True,0.023084547370672226
4,TE__Daily_Commute_km_exact,False,False,True,0.002836052095517516
